Copyright 1986-2022 Xilinx, Inc. All Rights Reserved. Copyright 2022-2024 Advanced Micro Devices, Inc. All Rights Reserved.
------------------------------------------------------------------------------------------------------------------------------------------------------------------------------------------------------------
| Tool Version : Vivado v.2024.1 (lin64) Build 5076996 Wed May 22 18:36:09 MDT 2024
| Date         : Thu Jan 30 17:10:00 2025
| Host         : theoden.ifi.uio.no running 64-bit unknown
| Command      : report_timing_summary -max_paths 10 -report_unconstrained -file FIRST_timing_summary_routed.rpt -pb FIRST_timing_summary_routed.pb -rpx FIRST_timing_summary_routed.rpx -warn_on_violation
| Design       : FIRST
| Device       : 7z020-clg484
| Speed File   : -1  PRODUCTION 1.12 2019-11-22
| Design State : Routed
------------------------------------------------------------------------------------------------------------------------------------------------------------------------------------------------------------

Timing Summary Report

------------------------------------------------------------------------------------------------
| Timer Settings
| --------------
------------------------------------------------------------------------------------------------

  Enable Multi Corner Analysis               :  Yes
  Enable Pessimism Removal                   :  Yes
  Pessimism Removal Resolution               :  Nearest Common Node
  Enable Input Delay Default Clock           :  No
  Enable Preset / Clear Arcs                 :  No
  Disable Flight Delays                      :  No
  Ignore I/O Paths                           :  No
  Timing Early Launch at Borrowing Latches   :  No
  Borrow Time for Max Delay Exceptions       :  Yes
  Merge Timing Exceptions                    :  Yes
  Inter-SLR Compensation                     :  Conservative

  Corner  Analyze    Analyze    
  Name    Max Paths  Min Paths  
  ------  ---------  ---------  
  Slow    Yes        Yes        
  Fast    Yes        Yes        


------------------------------------------------------------------------------------------------
| Report Methodology
| ------------------
------------------------------------------------------------------------------------------------

Rule       Severity  Description                    Violations  
---------  --------  -----------------------------  ----------  
TIMING-18  Warning   Missing input or output delay  13          

Note: This report is based on the most recent report_methodology run and may not be up-to-date. Run report_methodology on the current design for the latest report.



check_timing report

Table of Contents
-----------------
1. checking no_clock (0)
2. checking constant_clock (0)
3. checking pulse_width_clock (0)
4. checking unconstrained_internal_endpoints (0)
5. checking no_input_delay (7)
6. checking no_output_delay (6)
7. checking multiple_clock (0)
8. checking generated_clocks (0)
9. checking loops (0)
10. checking partial_input_delay (0)
11. checking partial_output_delay (0)
12. checking latch_loops (0)

1. checking no_clock (0)
------------------------
 There are 0 register/latch pins with no clock.


2. checking constant_clock (0)
------------------------------
 There are 0 register/latch pins with constant_clock.


3. checking pulse_width_clock (0)
---------------------------------
 There are 0 register/latch pins which need pulse_width check


4. checking unconstrained_internal_endpoints (0)
------------------------------------------------
 There are 0 pins that are not constrained for maximum delay.

 There are 0 pins that are not constrained for maximum delay due to constant clock.


5. checking no_input_delay (7)
------------------------------
 There are 7 input ports with no input delay specified. (HIGH)

 There are 0 input ports with no input delay but user has a false path constraint.


6. checking no_output_delay (6)
-------------------------------
 There are 6 ports with no output delay specified. (HIGH)

 There are 0 ports with no output delay but user has a false path constraint

 There are 0 ports with no output delay but with a timing clock defined on it or propagating through it


7. checking multiple_clock (0)
------------------------------
 There are 0 register/latch pins with multiple clocks.


8. checking generated_clocks (0)
--------------------------------
 There are 0 generated clocks that are not connected to a clock source.


9. checking loops (0)
---------------------
 There are 0 combinational loops in the design.


10. checking partial_input_delay (0)
------------------------------------
 There are 0 input ports with partial input delay specified.


11. checking partial_output_delay (0)
-------------------------------------
 There are 0 ports with partial output delay specified.


12. checking latch_loops (0)
----------------------------
 There are 0 combinational latch loops in the design through latch input



------------------------------------------------------------------------------------------------
| Design Timing Summary
| ---------------------
------------------------------------------------------------------------------------------------

    WNS(ns)      TNS(ns)  TNS Failing Endpoints  TNS Total Endpoints      WHS(ns)      THS(ns)  THS Failing Endpoints  THS Total Endpoints     WPWS(ns)     TPWS(ns)  TPWS Failing Endpoints  TPWS Total Endpoints  
    -------      -------  ---------------------  -------------------      -------      -------  ---------------------  -------------------     --------     --------  ----------------------  --------------------  
      7.734        0.000                      0                    4        0.236        0.000                      0                    4        4.500        0.000                       0                     5  


All user specified timing constraints are met.


------------------------------------------------------------------------------------------------
| Clock Summary
| -------------
------------------------------------------------------------------------------------------------

Clock  Waveform(ns)       Period(ns)      Frequency(MHz)
-----  ------------       ----------      --------------
clk    {0.000 5.000}      10.000          100.000         


------------------------------------------------------------------------------------------------
| Intra Clock Table
| -----------------
------------------------------------------------------------------------------------------------

Clock             WNS(ns)      TNS(ns)  TNS Failing Endpoints  TNS Total Endpoints      WHS(ns)      THS(ns)  THS Failing Endpoints  THS Total Endpoints     WPWS(ns)     TPWS(ns)  TPWS Failing Endpoints  TPWS Total Endpoints  
-----             -------      -------  ---------------------  -------------------      -------      -------  ---------------------  -------------------     --------     --------  ----------------------  --------------------  
clk                 7.734        0.000                      0                    4        0.236        0.000                      0                    4        4.500        0.000                       0                     5  


------------------------------------------------------------------------------------------------
| Inter Clock Table
| -----------------
------------------------------------------------------------------------------------------------

From Clock    To Clock          WNS(ns)      TNS(ns)  TNS Failing Endpoints  TNS Total Endpoints      WHS(ns)      THS(ns)  THS Failing Endpoints  THS Total Endpoints  
----------    --------          -------      -------  ---------------------  -------------------      -------      -------  ---------------------  -------------------  


------------------------------------------------------------------------------------------------
| Other Path Groups Table
| -----------------------
------------------------------------------------------------------------------------------------

Path Group    From Clock    To Clock          WNS(ns)      TNS(ns)  TNS Failing Endpoints  TNS Total Endpoints      WHS(ns)      THS(ns)  THS Failing Endpoints  THS Total Endpoints  
----------    ----------    --------          -------      -------  ---------------------  -------------------      -------      -------  ---------------------  -------------------  


------------------------------------------------------------------------------------------------
| User Ignored Path Table
| -----------------------
------------------------------------------------------------------------------------------------

Path Group    From Clock    To Clock    
----------    ----------    --------    


------------------------------------------------------------------------------------------------
| Unconstrained Path Table
| ------------------------
------------------------------------------------------------------------------------------------

Path Group    From Clock    To Clock    
----------    ----------    --------    
(none)                                    
(none)        clk                         
(none)                      clk           


------------------------------------------------------------------------------------------------
| Timing Details
| --------------
------------------------------------------------------------------------------------------------


---------------------------------------------------------------------------------------------------
From Clock:  clk
  To Clock:  clk

Setup :            0  Failing Endpoints,  Worst Slack        7.734ns,  Total Violation        0.000ns
Hold  :            0  Failing Endpoints,  Worst Slack        0.236ns,  Total Violation        0.000ns
PW    :            0  Failing Endpoints,  Worst Slack        4.500ns,  Total Violation        0.000ns
---------------------------------------------------------------------------------------------------


Max Delay Paths
--------------------------------------------------------------------------------------
Slack (MET) :             7.734ns  (required time - arrival time)
  Source:                 count_reg[0]/C
                            (rising edge-triggered cell FDRE clocked by clk  {rise@0.000ns fall@5.000ns period=10.000ns})
  Destination:            count_reg[1]/D
                            (rising edge-triggered cell FDRE clocked by clk  {rise@0.000ns fall@5.000ns period=10.000ns})
  Path Group:             clk
  Path Type:              Setup (Max at Slow Process Corner)
  Requirement:            10.000ns  (clk rise@10.000ns - clk rise@0.000ns)
  Data Path Delay:        1.976ns  (logic 0.608ns (30.771%)  route 1.368ns (69.229%))
  Logic Levels:           1  (LUT5=1)
  Clock Path Skew:        0.000ns (DCD - SCD + CPR)
    Destination Clock Delay (DCD):    5.436ns = ( 15.436 - 10.000 ) 
    Source Clock Delay      (SCD):    6.065ns
    Clock Pessimism Removal (CPR):    0.629ns
  Clock Uncertainty:      0.035ns  ((TSJ^2 + TIJ^2)^1/2 + DJ) / 2 + PE
    Total System Jitter     (TSJ):    0.071ns
    Total Input Jitter      (TIJ):    0.000ns
    Discrete Jitter          (DJ):    0.000ns
    Phase Error              (PE):    0.000ns

    Location             Delay type                Incr(ns)  Path(ns)    Netlist Resource(s)
  -------------------------------------------------------------------    -------------------
                         (clock clk rise edge)        0.000     0.000 r  
    T18                                               0.000     0.000 r  clk (IN)
                         net (fo=0)                   0.000     0.000    clk
    T18                  IBUF (Prop_ibuf_I_O)         1.470     1.470 r  clk_IBUF_inst/O
                         net (fo=1, routed)           2.625     4.095    clk_IBUF
    BUFGCTRL_X0Y0        BUFG (Prop_bufg_I_O)         0.101     4.196 r  clk_IBUF_BUFG_inst/O
                         net (fo=4, routed)           1.869     6.065    clk_IBUF_BUFG
    SLICE_X113Y52        FDRE                                         r  count_reg[0]/C
  -------------------------------------------------------------------    -------------------
    SLICE_X113Y52        FDRE (Prop_fdre_C_Q)         0.456     6.521 r  count_reg[0]/Q
                         net (fo=7, routed)           0.893     7.414    count_OBUF[0]
    SLICE_X113Y52        LUT5 (Prop_lut5_I2_O)        0.152     7.566 r  count[1]_i_1/O
                         net (fo=1, routed)           0.475     8.041    next_count[1]
    SLICE_X113Y52        FDRE                                         r  count_reg[1]/D
  -------------------------------------------------------------------    -------------------

                         (clock clk rise edge)       10.000    10.000 r  
    T18                                               0.000    10.000 r  clk (IN)
                         net (fo=0)                   0.000    10.000    clk
    T18                  IBUF (Prop_ibuf_I_O)         1.399    11.399 r  clk_IBUF_inst/O
                         net (fo=1, routed)           2.256    13.655    clk_IBUF
    BUFGCTRL_X0Y0        BUFG (Prop_bufg_I_O)         0.091    13.746 r  clk_IBUF_BUFG_inst/O
                         net (fo=4, routed)           1.690    15.436    clk_IBUF_BUFG
    SLICE_X113Y52        FDRE                                         r  count_reg[1]/C
                         clock pessimism              0.629    16.065    
                         clock uncertainty           -0.035    16.029    
    SLICE_X113Y52        FDRE (Setup_fdre_C_D)       -0.255    15.774    count_reg[1]
  -------------------------------------------------------------------
                         required time                         15.774    
                         arrival time                          -8.041    
  -------------------------------------------------------------------
                         slack                                  7.734    

Slack (MET) :             7.964ns  (required time - arrival time)
  Source:                 count_reg[0]/C
                            (rising edge-triggered cell FDRE clocked by clk  {rise@0.000ns fall@5.000ns period=10.000ns})
  Destination:            count_reg[3]/D
                            (rising edge-triggered cell FDRE clocked by clk  {rise@0.000ns fall@5.000ns period=10.000ns})
  Path Group:             clk
  Path Type:              Setup (Max at Slow Process Corner)
  Requirement:            10.000ns  (clk rise@10.000ns - clk rise@0.000ns)
  Data Path Delay:        2.030ns  (logic 0.704ns (34.682%)  route 1.326ns (65.318%))
  Logic Levels:           2  (LUT3=1 LUT6=1)
  Clock Path Skew:        0.000ns (DCD - SCD + CPR)
    Destination Clock Delay (DCD):    5.436ns = ( 15.436 - 10.000 ) 
    Source Clock Delay      (SCD):    6.065ns
    Clock Pessimism Removal (CPR):    0.629ns
  Clock Uncertainty:      0.035ns  ((TSJ^2 + TIJ^2)^1/2 + DJ) / 2 + PE
    Total System Jitter     (TSJ):    0.071ns
    Total Input Jitter      (TIJ):    0.000ns
    Discrete Jitter          (DJ):    0.000ns
    Phase Error              (PE):    0.000ns

    Location             Delay type                Incr(ns)  Path(ns)    Netlist Resource(s)
  -------------------------------------------------------------------    -------------------
                         (clock clk rise edge)        0.000     0.000 r  
    T18                                               0.000     0.000 r  clk (IN)
                         net (fo=0)                   0.000     0.000    clk
    T18                  IBUF (Prop_ibuf_I_O)         1.470     1.470 r  clk_IBUF_inst/O
                         net (fo=1, routed)           2.625     4.095    clk_IBUF
    BUFGCTRL_X0Y0        BUFG (Prop_bufg_I_O)         0.101     4.196 r  clk_IBUF_BUFG_inst/O
                         net (fo=4, routed)           1.869     6.065    clk_IBUF_BUFG
    SLICE_X113Y52        FDRE                                         r  count_reg[0]/C
  -------------------------------------------------------------------    -------------------
    SLICE_X113Y52        FDRE (Prop_fdre_C_Q)         0.456     6.521 r  count_reg[0]/Q
                         net (fo=7, routed)           0.893     7.414    count_OBUF[0]
    SLICE_X113Y52        LUT3 (Prop_lut3_I2_O)        0.124     7.538 r  count[3]_i_2/O
                         net (fo=1, routed)           0.433     7.971    count[3]_i_2_n_0
    SLICE_X113Y52        LUT6 (Prop_lut6_I2_O)        0.124     8.095 r  count[3]_i_1/O
                         net (fo=1, routed)           0.000     8.095    next_count[3]
    SLICE_X113Y52        FDRE                                         r  count_reg[3]/D
  -------------------------------------------------------------------    -------------------

                         (clock clk rise edge)       10.000    10.000 r  
    T18                                               0.000    10.000 r  clk (IN)
                         net (fo=0)                   0.000    10.000    clk
    T18                  IBUF (Prop_ibuf_I_O)         1.399    11.399 r  clk_IBUF_inst/O
                         net (fo=1, routed)           2.256    13.655    clk_IBUF
    BUFGCTRL_X0Y0        BUFG (Prop_bufg_I_O)         0.091    13.746 r  clk_IBUF_BUFG_inst/O
                         net (fo=4, routed)           1.690    15.436    clk_IBUF_BUFG
    SLICE_X113Y52        FDRE                                         r  count_reg[3]/C
                         clock pessimism              0.629    16.065    
                         clock uncertainty           -0.035    16.029    
    SLICE_X113Y52        FDRE (Setup_fdre_C_D)        0.029    16.058    count_reg[3]
  -------------------------------------------------------------------
                         required time                         16.058    
                         arrival time                          -8.095    
  -------------------------------------------------------------------
                         slack                                  7.964    

Slack (MET) :             8.722ns  (required time - arrival time)
  Source:                 count_reg[0]/C
                            (rising edge-triggered cell FDRE clocked by clk  {rise@0.000ns fall@5.000ns period=10.000ns})
  Destination:            count_reg[2]/D
                            (rising edge-triggered cell FDRE clocked by clk  {rise@0.000ns fall@5.000ns period=10.000ns})
  Path Group:             clk
  Path Type:              Setup (Max at Slow Process Corner)
  Requirement:            10.000ns  (clk rise@10.000ns - clk rise@0.000ns)
  Data Path Delay:        1.274ns  (logic 0.580ns (45.509%)  route 0.694ns (54.491%))
  Logic Levels:           1  (LUT6=1)
  Clock Path Skew:        0.000ns (DCD - SCD + CPR)
    Destination Clock Delay (DCD):    5.436ns = ( 15.436 - 10.000 ) 
    Source Clock Delay      (SCD):    6.065ns
    Clock Pessimism Removal (CPR):    0.629ns
  Clock Uncertainty:      0.035ns  ((TSJ^2 + TIJ^2)^1/2 + DJ) / 2 + PE
    Total System Jitter     (TSJ):    0.071ns
    Total Input Jitter      (TIJ):    0.000ns
    Discrete Jitter          (DJ):    0.000ns
    Phase Error              (PE):    0.000ns

    Location             Delay type                Incr(ns)  Path(ns)    Netlist Resource(s)
  -------------------------------------------------------------------    -------------------
                         (clock clk rise edge)        0.000     0.000 r  
    T18                                               0.000     0.000 r  clk (IN)
                         net (fo=0)                   0.000     0.000    clk
    T18                  IBUF (Prop_ibuf_I_O)         1.470     1.470 r  clk_IBUF_inst/O
                         net (fo=1, routed)           2.625     4.095    clk_IBUF
    BUFGCTRL_X0Y0        BUFG (Prop_bufg_I_O)         0.101     4.196 r  clk_IBUF_BUFG_inst/O
                         net (fo=4, routed)           1.869     6.065    clk_IBUF_BUFG
    SLICE_X113Y52        FDRE                                         r  count_reg[0]/C
  -------------------------------------------------------------------    -------------------
    SLICE_X113Y52        FDRE (Prop_fdre_C_Q)         0.456     6.521 r  count_reg[0]/Q
                         net (fo=7, routed)           0.694     7.215    count_OBUF[0]
    SLICE_X113Y52        LUT6 (Prop_lut6_I2_O)        0.124     7.339 r  count[2]_i_1/O
                         net (fo=1, routed)           0.000     7.339    next_count[2]
    SLICE_X113Y52        FDRE                                         r  count_reg[2]/D
  -------------------------------------------------------------------    -------------------

                         (clock clk rise edge)       10.000    10.000 r  
    T18                                               0.000    10.000 r  clk (IN)
                         net (fo=0)                   0.000    10.000    clk
    T18                  IBUF (Prop_ibuf_I_O)         1.399    11.399 r  clk_IBUF_inst/O
                         net (fo=1, routed)           2.256    13.655    clk_IBUF
    BUFGCTRL_X0Y0        BUFG (Prop_bufg_I_O)         0.091    13.746 r  clk_IBUF_BUFG_inst/O
                         net (fo=4, routed)           1.690    15.436    clk_IBUF_BUFG
    SLICE_X113Y52        FDRE                                         r  count_reg[2]/C
                         clock pessimism              0.629    16.065    
                         clock uncertainty           -0.035    16.029    
    SLICE_X113Y52        FDRE (Setup_fdre_C_D)        0.032    16.061    count_reg[2]
  -------------------------------------------------------------------
                         required time                         16.061    
                         arrival time                          -7.339    
  -------------------------------------------------------------------
                         slack                                  8.722    

Slack (MET) :             8.723ns  (required time - arrival time)
  Source:                 count_reg[0]/C
                            (rising edge-triggered cell FDRE clocked by clk  {rise@0.000ns fall@5.000ns period=10.000ns})
  Destination:            count_reg[0]/D
                            (rising edge-triggered cell FDRE clocked by clk  {rise@0.000ns fall@5.000ns period=10.000ns})
  Path Group:             clk
  Path Type:              Setup (Max at Slow Process Corner)
  Requirement:            10.000ns  (clk rise@10.000ns - clk rise@0.000ns)
  Data Path Delay:        1.272ns  (logic 0.580ns (45.581%)  route 0.692ns (54.419%))
  Logic Levels:           1  (LUT3=1)
  Clock Path Skew:        0.000ns (DCD - SCD + CPR)
    Destination Clock Delay (DCD):    5.436ns = ( 15.436 - 10.000 ) 
    Source Clock Delay      (SCD):    6.065ns
    Clock Pessimism Removal (CPR):    0.629ns
  Clock Uncertainty:      0.035ns  ((TSJ^2 + TIJ^2)^1/2 + DJ) / 2 + PE
    Total System Jitter     (TSJ):    0.071ns
    Total Input Jitter      (TIJ):    0.000ns
    Discrete Jitter          (DJ):    0.000ns
    Phase Error              (PE):    0.000ns

    Location             Delay type                Incr(ns)  Path(ns)    Netlist Resource(s)
  -------------------------------------------------------------------    -------------------
                         (clock clk rise edge)        0.000     0.000 r  
    T18                                               0.000     0.000 r  clk (IN)
                         net (fo=0)                   0.000     0.000    clk
    T18                  IBUF (Prop_ibuf_I_O)         1.470     1.470 r  clk_IBUF_inst/O
                         net (fo=1, routed)           2.625     4.095    clk_IBUF
    BUFGCTRL_X0Y0        BUFG (Prop_bufg_I_O)         0.101     4.196 r  clk_IBUF_BUFG_inst/O
                         net (fo=4, routed)           1.869     6.065    clk_IBUF_BUFG
    SLICE_X113Y52        FDRE                                         r  count_reg[0]/C
  -------------------------------------------------------------------    -------------------
    SLICE_X113Y52        FDRE (Prop_fdre_C_Q)         0.456     6.521 f  count_reg[0]/Q
                         net (fo=7, routed)           0.692     7.213    count_OBUF[0]
    SLICE_X113Y52        LUT3 (Prop_lut3_I2_O)        0.124     7.337 r  count[0]_i_1/O
                         net (fo=1, routed)           0.000     7.337    next_count[0]
    SLICE_X113Y52        FDRE                                         r  count_reg[0]/D
  -------------------------------------------------------------------    -------------------

                         (clock clk rise edge)       10.000    10.000 r  
    T18                                               0.000    10.000 r  clk (IN)
                         net (fo=0)                   0.000    10.000    clk
    T18                  IBUF (Prop_ibuf_I_O)         1.399    11.399 r  clk_IBUF_inst/O
                         net (fo=1, routed)           2.256    13.655    clk_IBUF
    BUFGCTRL_X0Y0        BUFG (Prop_bufg_I_O)         0.091    13.746 r  clk_IBUF_BUFG_inst/O
                         net (fo=4, routed)           1.690    15.436    clk_IBUF_BUFG
    SLICE_X113Y52        FDRE                                         r  count_reg[0]/C
                         clock pessimism              0.629    16.065    
                         clock uncertainty           -0.035    16.029    
    SLICE_X113Y52        FDRE (Setup_fdre_C_D)        0.031    16.060    count_reg[0]
  -------------------------------------------------------------------
                         required time                         16.060    
                         arrival time                          -7.337    
  -------------------------------------------------------------------
                         slack                                  8.723    





Min Delay Paths
--------------------------------------------------------------------------------------
Slack (MET) :             0.236ns  (arrival time - required time)
  Source:                 count_reg[1]/C
                            (rising edge-triggered cell FDRE clocked by clk  {rise@0.000ns fall@5.000ns period=10.000ns})
  Destination:            count_reg[3]/D
                            (rising edge-triggered cell FDRE clocked by clk  {rise@0.000ns fall@5.000ns period=10.000ns})
  Path Group:             clk
  Path Type:              Hold (Min at Fast Process Corner)
  Requirement:            0.000ns  (clk rise@0.000ns - clk rise@0.000ns)
  Data Path Delay:        0.327ns  (logic 0.227ns (69.353%)  route 0.100ns (30.647%))
  Logic Levels:           1  (LUT6=1)
  Clock Path Skew:        0.000ns (DCD - SCD - CPR)
    Destination Clock Delay (DCD):    2.637ns
    Source Clock Delay      (SCD):    2.005ns
    Clock Pessimism Removal (CPR):    0.632ns

    Location             Delay type                Incr(ns)  Path(ns)    Netlist Resource(s)
  -------------------------------------------------------------------    -------------------
                         (clock clk rise edge)        0.000     0.000 r  
    T18                                               0.000     0.000 r  clk (IN)
                         net (fo=0)                   0.000     0.000    clk
    T18                  IBUF (Prop_ibuf_I_O)         0.237     0.237 r  clk_IBUF_inst/O
                         net (fo=1, routed)           1.103     1.341    clk_IBUF
    BUFGCTRL_X0Y0        BUFG (Prop_bufg_I_O)         0.026     1.367 r  clk_IBUF_BUFG_inst/O
                         net (fo=4, routed)           0.639     2.005    clk_IBUF_BUFG
    SLICE_X113Y52        FDRE                                         r  count_reg[1]/C
  -------------------------------------------------------------------    -------------------
    SLICE_X113Y52        FDRE (Prop_fdre_C_Q)         0.128     2.133 r  count_reg[1]/Q
                         net (fo=7, routed)           0.100     2.234    count_OBUF[1]
    SLICE_X113Y52        LUT6 (Prop_lut6_I3_O)        0.099     2.333 r  count[3]_i_1/O
                         net (fo=1, routed)           0.000     2.333    next_count[3]
    SLICE_X113Y52        FDRE                                         r  count_reg[3]/D
  -------------------------------------------------------------------    -------------------

                         (clock clk rise edge)        0.000     0.000 r  
    T18                                               0.000     0.000 r  clk (IN)
                         net (fo=0)                   0.000     0.000    clk
    T18                  IBUF (Prop_ibuf_I_O)         0.425     0.425 r  clk_IBUF_inst/O
                         net (fo=1, routed)           1.272     1.697    clk_IBUF
    BUFGCTRL_X0Y0        BUFG (Prop_bufg_I_O)         0.029     1.726 r  clk_IBUF_BUFG_inst/O
                         net (fo=4, routed)           0.911     2.637    clk_IBUF_BUFG
    SLICE_X113Y52        FDRE                                         r  count_reg[3]/C
                         clock pessimism             -0.632     2.005    
    SLICE_X113Y52        FDRE (Hold_fdre_C_D)         0.091     2.096    count_reg[3]
  -------------------------------------------------------------------
                         required time                         -2.096    
                         arrival time                           2.333    
  -------------------------------------------------------------------
                         slack                                  0.236    

Slack (MET) :             0.264ns  (arrival time - required time)
  Source:                 count_reg[2]/C
                            (rising edge-triggered cell FDRE clocked by clk  {rise@0.000ns fall@5.000ns period=10.000ns})
  Destination:            count_reg[2]/D
                            (rising edge-triggered cell FDRE clocked by clk  {rise@0.000ns fall@5.000ns period=10.000ns})
  Path Group:             clk
  Path Type:              Hold (Min at Fast Process Corner)
  Requirement:            0.000ns  (clk rise@0.000ns - clk rise@0.000ns)
  Data Path Delay:        0.356ns  (logic 0.186ns (52.212%)  route 0.170ns (47.788%))
  Logic Levels:           1  (LUT6=1)
  Clock Path Skew:        0.000ns (DCD - SCD - CPR)
    Destination Clock Delay (DCD):    2.637ns
    Source Clock Delay      (SCD):    2.005ns
    Clock Pessimism Removal (CPR):    0.632ns

    Location             Delay type                Incr(ns)  Path(ns)    Netlist Resource(s)
  -------------------------------------------------------------------    -------------------
                         (clock clk rise edge)        0.000     0.000 r  
    T18                                               0.000     0.000 r  clk (IN)
                         net (fo=0)                   0.000     0.000    clk
    T18                  IBUF (Prop_ibuf_I_O)         0.237     0.237 r  clk_IBUF_inst/O
                         net (fo=1, routed)           1.103     1.341    clk_IBUF
    BUFGCTRL_X0Y0        BUFG (Prop_bufg_I_O)         0.026     1.367 r  clk_IBUF_BUFG_inst/O
                         net (fo=4, routed)           0.639     2.005    clk_IBUF_BUFG
    SLICE_X113Y52        FDRE                                         r  count_reg[2]/C
  -------------------------------------------------------------------    -------------------
    SLICE_X113Y52        FDRE (Prop_fdre_C_Q)         0.141     2.146 r  count_reg[2]/Q
                         net (fo=5, routed)           0.170     2.317    count_OBUF[2]
    SLICE_X113Y52        LUT6 (Prop_lut6_I4_O)        0.045     2.362 r  count[2]_i_1/O
                         net (fo=1, routed)           0.000     2.362    next_count[2]
    SLICE_X113Y52        FDRE                                         r  count_reg[2]/D
  -------------------------------------------------------------------    -------------------

                         (clock clk rise edge)        0.000     0.000 r  
    T18                                               0.000     0.000 r  clk (IN)
                         net (fo=0)                   0.000     0.000    clk
    T18                  IBUF (Prop_ibuf_I_O)         0.425     0.425 r  clk_IBUF_inst/O
                         net (fo=1, routed)           1.272     1.697    clk_IBUF
    BUFGCTRL_X0Y0        BUFG (Prop_bufg_I_O)         0.029     1.726 r  clk_IBUF_BUFG_inst/O
                         net (fo=4, routed)           0.911     2.637    clk_IBUF_BUFG
    SLICE_X113Y52        FDRE                                         r  count_reg[2]/C
                         clock pessimism             -0.632     2.005    
    SLICE_X113Y52        FDRE (Hold_fdre_C_D)         0.092     2.097    count_reg[2]
  -------------------------------------------------------------------
                         required time                         -2.097    
                         arrival time                           2.362    
  -------------------------------------------------------------------
                         slack                                  0.264    

Slack (MET) :             0.350ns  (arrival time - required time)
  Source:                 count_reg[0]/C
                            (rising edge-triggered cell FDRE clocked by clk  {rise@0.000ns fall@5.000ns period=10.000ns})
  Destination:            count_reg[0]/D
                            (rising edge-triggered cell FDRE clocked by clk  {rise@0.000ns fall@5.000ns period=10.000ns})
  Path Group:             clk
  Path Type:              Hold (Min at Fast Process Corner)
  Requirement:            0.000ns  (clk rise@0.000ns - clk rise@0.000ns)
  Data Path Delay:        0.442ns  (logic 0.186ns (42.037%)  route 0.256ns (57.963%))
  Logic Levels:           1  (LUT3=1)
  Clock Path Skew:        0.000ns (DCD - SCD - CPR)
    Destination Clock Delay (DCD):    2.637ns
    Source Clock Delay      (SCD):    2.005ns
    Clock Pessimism Removal (CPR):    0.632ns

    Location             Delay type                Incr(ns)  Path(ns)    Netlist Resource(s)
  -------------------------------------------------------------------    -------------------
                         (clock clk rise edge)        0.000     0.000 r  
    T18                                               0.000     0.000 r  clk (IN)
                         net (fo=0)                   0.000     0.000    clk
    T18                  IBUF (Prop_ibuf_I_O)         0.237     0.237 r  clk_IBUF_inst/O
                         net (fo=1, routed)           1.103     1.341    clk_IBUF
    BUFGCTRL_X0Y0        BUFG (Prop_bufg_I_O)         0.026     1.367 r  clk_IBUF_BUFG_inst/O
                         net (fo=4, routed)           0.639     2.005    clk_IBUF_BUFG
    SLICE_X113Y52        FDRE                                         r  count_reg[0]/C
  -------------------------------------------------------------------    -------------------
    SLICE_X113Y52        FDRE (Prop_fdre_C_Q)         0.141     2.146 f  count_reg[0]/Q
                         net (fo=7, routed)           0.256     2.403    count_OBUF[0]
    SLICE_X113Y52        LUT3 (Prop_lut3_I2_O)        0.045     2.448 r  count[0]_i_1/O
                         net (fo=1, routed)           0.000     2.448    next_count[0]
    SLICE_X113Y52        FDRE                                         r  count_reg[0]/D
  -------------------------------------------------------------------    -------------------

                         (clock clk rise edge)        0.000     0.000 r  
    T18                                               0.000     0.000 r  clk (IN)
                         net (fo=0)                   0.000     0.000    clk
    T18                  IBUF (Prop_ibuf_I_O)         0.425     0.425 r  clk_IBUF_inst/O
                         net (fo=1, routed)           1.272     1.697    clk_IBUF
    BUFGCTRL_X0Y0        BUFG (Prop_bufg_I_O)         0.029     1.726 r  clk_IBUF_BUFG_inst/O
                         net (fo=4, routed)           0.911     2.637    clk_IBUF_BUFG
    SLICE_X113Y52        FDRE                                         r  count_reg[0]/C
                         clock pessimism             -0.632     2.005    
    SLICE_X113Y52        FDRE (Hold_fdre_C_D)         0.092     2.097    count_reg[0]
  -------------------------------------------------------------------
                         required time                         -2.097    
                         arrival time                           2.448    
  -------------------------------------------------------------------
                         slack                                  0.350    

Slack (MET) :             0.629ns  (arrival time - required time)
  Source:                 count_reg[1]/C
                            (rising edge-triggered cell FDRE clocked by clk  {rise@0.000ns fall@5.000ns period=10.000ns})
  Destination:            count_reg[1]/D
                            (rising edge-triggered cell FDRE clocked by clk  {rise@0.000ns fall@5.000ns period=10.000ns})
  Path Group:             clk
  Path Type:              Hold (Min at Fast Process Corner)
  Requirement:            0.000ns  (clk rise@0.000ns - clk rise@0.000ns)
  Data Path Delay:        0.637ns  (logic 0.225ns (35.307%)  route 0.412ns (64.693%))
  Logic Levels:           1  (LUT5=1)
  Clock Path Skew:        0.000ns (DCD - SCD - CPR)
    Destination Clock Delay (DCD):    2.637ns
    Source Clock Delay      (SCD):    2.005ns
    Clock Pessimism Removal (CPR):    0.632ns

    Location             Delay type                Incr(ns)  Path(ns)    Netlist Resource(s)
  -------------------------------------------------------------------    -------------------
                         (clock clk rise edge)        0.000     0.000 r  
    T18                                               0.000     0.000 r  clk (IN)
                         net (fo=0)                   0.000     0.000    clk
    T18                  IBUF (Prop_ibuf_I_O)         0.237     0.237 r  clk_IBUF_inst/O
                         net (fo=1, routed)           1.103     1.341    clk_IBUF
    BUFGCTRL_X0Y0        BUFG (Prop_bufg_I_O)         0.026     1.367 r  clk_IBUF_BUFG_inst/O
                         net (fo=4, routed)           0.639     2.005    clk_IBUF_BUFG
    SLICE_X113Y52        FDRE                                         r  count_reg[1]/C
  -------------------------------------------------------------------    -------------------
    SLICE_X113Y52        FDRE (Prop_fdre_C_Q)         0.128     2.133 r  count_reg[1]/Q
                         net (fo=7, routed)           0.263     2.397    count_OBUF[1]
    SLICE_X113Y52        LUT5 (Prop_lut5_I4_O)        0.097     2.494 r  count[1]_i_1/O
                         net (fo=1, routed)           0.149     2.643    next_count[1]
    SLICE_X113Y52        FDRE                                         r  count_reg[1]/D
  -------------------------------------------------------------------    -------------------

                         (clock clk rise edge)        0.000     0.000 r  
    T18                                               0.000     0.000 r  clk (IN)
                         net (fo=0)                   0.000     0.000    clk
    T18                  IBUF (Prop_ibuf_I_O)         0.425     0.425 r  clk_IBUF_inst/O
                         net (fo=1, routed)           1.272     1.697    clk_IBUF
    BUFGCTRL_X0Y0        BUFG (Prop_bufg_I_O)         0.029     1.726 r  clk_IBUF_BUFG_inst/O
                         net (fo=4, routed)           0.911     2.637    clk_IBUF_BUFG
    SLICE_X113Y52        FDRE                                         r  count_reg[1]/C
                         clock pessimism             -0.632     2.005    
    SLICE_X113Y52        FDRE (Hold_fdre_C_D)         0.008     2.013    count_reg[1]
  -------------------------------------------------------------------
                         required time                         -2.013    
                         arrival time                           2.643    
  -------------------------------------------------------------------
                         slack                                  0.629    





Pulse Width Checks
--------------------------------------------------------------------------------------
Clock Name:         clk
Waveform(ns):       { 0.000 5.000 }
Period(ns):         10.000
Sources:            { clk }

Check Type        Corner  Lib Pin  Reference Pin  Required(ns)  Actual(ns)  Slack(ns)  Location       Pin
Min Period        n/a     BUFG/I   n/a            2.155         10.000      7.845      BUFGCTRL_X0Y0  clk_IBUF_BUFG_inst/I
Min Period        n/a     FDRE/C   n/a            1.000         10.000      9.000      SLICE_X113Y52  count_reg[0]/C
Min Period        n/a     FDRE/C   n/a            1.000         10.000      9.000      SLICE_X113Y52  count_reg[1]/C
Min Period        n/a     FDRE/C   n/a            1.000         10.000      9.000      SLICE_X113Y52  count_reg[2]/C
Min Period        n/a     FDRE/C   n/a            1.000         10.000      9.000      SLICE_X113Y52  count_reg[3]/C
Low Pulse Width   Slow    FDRE/C   n/a            0.500         5.000       4.500      SLICE_X113Y52  count_reg[0]/C
Low Pulse Width   Fast    FDRE/C   n/a            0.500         5.000       4.500      SLICE_X113Y52  count_reg[0]/C
Low Pulse Width   Slow    FDRE/C   n/a            0.500         5.000       4.500      SLICE_X113Y52  count_reg[1]/C
Low Pulse Width   Fast    FDRE/C   n/a            0.500         5.000       4.500      SLICE_X113Y52  count_reg[1]/C
Low Pulse Width   Slow    FDRE/C   n/a            0.500         5.000       4.500      SLICE_X113Y52  count_reg[2]/C
Low Pulse Width   Fast    FDRE/C   n/a            0.500         5.000       4.500      SLICE_X113Y52  count_reg[2]/C
Low Pulse Width   Slow    FDRE/C   n/a            0.500         5.000       4.500      SLICE_X113Y52  count_reg[3]/C
Low Pulse Width   Fast    FDRE/C   n/a            0.500         5.000       4.500      SLICE_X113Y52  count_reg[3]/C
High Pulse Width  Slow    FDRE/C   n/a            0.500         5.000       4.500      SLICE_X113Y52  count_reg[0]/C
High Pulse Width  Fast    FDRE/C   n/a            0.500         5.000       4.500      SLICE_X113Y52  count_reg[0]/C
High Pulse Width  Slow    FDRE/C   n/a            0.500         5.000       4.500      SLICE_X113Y52  count_reg[1]/C
High Pulse Width  Fast    FDRE/C   n/a            0.500         5.000       4.500      SLICE_X113Y52  count_reg[1]/C
High Pulse Width  Slow    FDRE/C   n/a            0.500         5.000       4.500      SLICE_X113Y52  count_reg[2]/C
High Pulse Width  Fast    FDRE/C   n/a            0.500         5.000       4.500      SLICE_X113Y52  count_reg[2]/C
High Pulse Width  Slow    FDRE/C   n/a            0.500         5.000       4.500      SLICE_X113Y52  count_reg[3]/C
High Pulse Width  Fast    FDRE/C   n/a            0.500         5.000       4.500      SLICE_X113Y52  count_reg[3]/C



--------------------------------------------------------------------------------------
Path Group:  (none)
From Clock:  
  To Clock:  

Max Delay             2 Endpoints
Min Delay             2 Endpoints
--------------------------------------------------------------------------------------


Max Delay Paths
--------------------------------------------------------------------------------------
Slack:                    inf
  Source:                 up
                            (input port)
  Destination:            max_count
                            (output port)
  Path Group:             (none)
  Path Type:              Max at Slow Process Corner
  Data Path Delay:        12.462ns  (logic 5.308ns (42.596%)  route 7.154ns (57.404%))
  Logic Levels:           3  (IBUF=1 LUT5=1 OBUF=1)

    Location             Delay type                Incr(ns)  Path(ns)    Netlist Resource(s)
  -------------------------------------------------------------------    -------------------
    H17                                               0.000     0.000 r  up (IN)
                         net (fo=0)                   0.000     0.000    up
    H17                  IBUF (Prop_ibuf_I_O)         1.454     1.454 r  up_IBUF_inst/O
                         net (fo=5, routed)           3.819     5.273    up_IBUF
    SLICE_X113Y49        LUT5 (Prop_lut5_I4_O)        0.150     5.423 r  max_count_OBUF_inst_i_1/O
                         net (fo=1, routed)           3.334     8.758    max_count_OBUF
    U14                  OBUF (Prop_obuf_I_O)         3.704    12.462 r  max_count_OBUF_inst/O
                         net (fo=0)                   0.000    12.462    max_count
    U14                                                               r  max_count (OUT)
  -------------------------------------------------------------------    -------------------

Slack:                    inf
  Source:                 up
                            (input port)
  Destination:            min_count
                            (output port)
  Path Group:             (none)
  Path Type:              Max at Slow Process Corner
  Data Path Delay:        10.574ns  (logic 5.091ns (48.142%)  route 5.484ns (51.858%))
  Logic Levels:           3  (IBUF=1 LUT5=1 OBUF=1)

    Location             Delay type                Incr(ns)  Path(ns)    Netlist Resource(s)
  -------------------------------------------------------------------    -------------------
    H17                                               0.000     0.000 f  up (IN)
                         net (fo=0)                   0.000     0.000    up
    H17                  IBUF (Prop_ibuf_I_O)         1.454     1.454 f  up_IBUF_inst/O
                         net (fo=5, routed)           3.819     5.273    up_IBUF
    SLICE_X113Y49        LUT5 (Prop_lut5_I4_O)        0.124     5.397 r  min_count_OBUF_inst_i_1/O
                         net (fo=1, routed)           1.664     7.062    min_count_OBUF
    U19                  OBUF (Prop_obuf_I_O)         3.512    10.574 r  min_count_OBUF_inst/O
                         net (fo=0)                   0.000    10.574    min_count
    U19                                                               r  min_count (OUT)
  -------------------------------------------------------------------    -------------------





Min Delay Paths
--------------------------------------------------------------------------------------
Slack:                    inf
  Source:                 up
                            (input port)
  Destination:            min_count
                            (output port)
  Path Group:             (none)
  Path Type:              Min at Fast Process Corner
  Data Path Delay:        3.291ns  (logic 1.481ns (44.989%)  route 1.811ns (55.011%))
  Logic Levels:           3  (IBUF=1 LUT5=1 OBUF=1)

    Location             Delay type                Incr(ns)  Path(ns)    Netlist Resource(s)
  -------------------------------------------------------------------    -------------------
    H17                                               0.000     0.000 f  up (IN)
                         net (fo=0)                   0.000     0.000    up
    H17                  IBUF (Prop_ibuf_I_O)         0.222     0.222 f  up_IBUF_inst/O
                         net (fo=5, routed)           1.479     1.701    up_IBUF
    SLICE_X113Y49        LUT5 (Prop_lut5_I4_O)        0.045     1.746 r  min_count_OBUF_inst_i_1/O
                         net (fo=1, routed)           0.331     2.078    min_count_OBUF
    U19                  OBUF (Prop_obuf_I_O)         1.213     3.291 r  min_count_OBUF_inst/O
                         net (fo=0)                   0.000     3.291    min_count
    U19                                                               r  min_count (OUT)
  -------------------------------------------------------------------    -------------------

Slack:                    inf
  Source:                 up
                            (input port)
  Destination:            max_count
                            (output port)
  Path Group:             (none)
  Path Type:              Min at Fast Process Corner
  Data Path Delay:        4.077ns  (logic 1.529ns (37.514%)  route 2.548ns (62.486%))
  Logic Levels:           3  (IBUF=1 LUT5=1 OBUF=1)

    Location             Delay type                Incr(ns)  Path(ns)    Netlist Resource(s)
  -------------------------------------------------------------------    -------------------
    H17                                               0.000     0.000 r  up (IN)
                         net (fo=0)                   0.000     0.000    up
    H17                  IBUF (Prop_ibuf_I_O)         0.222     0.222 r  up_IBUF_inst/O
                         net (fo=5, routed)           1.479     1.701    up_IBUF
    SLICE_X113Y49        LUT5 (Prop_lut5_I4_O)        0.042     1.743 r  max_count_OBUF_inst_i_1/O
                         net (fo=1, routed)           1.068     2.812    max_count_OBUF
    U14                  OBUF (Prop_obuf_I_O)         1.265     4.077 r  max_count_OBUF_inst/O
                         net (fo=0)                   0.000     4.077    max_count
    U14                                                               r  max_count (OUT)
  -------------------------------------------------------------------    -------------------





--------------------------------------------------------------------------------------
Path Group:  (none)
From Clock:  clk
  To Clock:  

Max Delay             6 Endpoints
Min Delay             6 Endpoints
--------------------------------------------------------------------------------------


Max Delay Paths
--------------------------------------------------------------------------------------
Slack:                    inf
  Source:                 count_reg[0]/C
                            (rising edge-triggered cell FDRE clocked by clk  {rise@0.000ns fall@5.000ns period=10.000ns})
  Destination:            max_count
                            (output port)
  Path Group:             (none)
  Path Type:              Max at Slow Process Corner
  Data Path Delay:        9.197ns  (logic 4.312ns (46.882%)  route 4.886ns (53.118%))
  Logic Levels:           2  (LUT5=1 OBUF=1)
  Clock Uncertainty:      0.025ns  ((TSJ^2 + TIJ^2)^1/2 + DJ) / 2 + PE
    Total System Jitter     (TSJ):    0.050ns
    Total Input Jitter      (TIJ):    0.000ns
    Discrete Jitter          (DJ):    0.000ns
    Phase Error              (PE):    0.000ns

    Location             Delay type                Incr(ns)  Path(ns)    Netlist Resource(s)
  -------------------------------------------------------------------    -------------------
                         (clock clk rise edge)        0.000     0.000 r  
    T18                                               0.000     0.000 r  clk (IN)
                         net (fo=0)                   0.000     0.000    clk
    T18                  IBUF (Prop_ibuf_I_O)         1.470     1.470 r  clk_IBUF_inst/O
                         net (fo=1, routed)           2.625     4.095    clk_IBUF
    BUFGCTRL_X0Y0        BUFG (Prop_bufg_I_O)         0.101     4.196 r  clk_IBUF_BUFG_inst/O
                         net (fo=4, routed)           1.869     6.065    clk_IBUF_BUFG
    SLICE_X113Y52        FDRE                                         r  count_reg[0]/C
  -------------------------------------------------------------------    -------------------
    SLICE_X113Y52        FDRE (Prop_fdre_C_Q)         0.456     6.521 r  count_reg[0]/Q
                         net (fo=7, routed)           1.551     8.072    count_OBUF[0]
    SLICE_X113Y49        LUT5 (Prop_lut5_I1_O)        0.152     8.224 r  max_count_OBUF_inst_i_1/O
                         net (fo=1, routed)           3.334    11.558    max_count_OBUF
    U14                  OBUF (Prop_obuf_I_O)         3.704    15.262 r  max_count_OBUF_inst/O
                         net (fo=0)                   0.000    15.262    max_count
    U14                                                               r  max_count (OUT)
  -------------------------------------------------------------------    -------------------

Slack:                    inf
  Source:                 count_reg[0]/C
                            (rising edge-triggered cell FDRE clocked by clk  {rise@0.000ns fall@5.000ns period=10.000ns})
  Destination:            min_count
                            (output port)
  Path Group:             (none)
  Path Type:              Max at Slow Process Corner
  Data Path Delay:        7.308ns  (logic 4.092ns (55.999%)  route 3.216ns (44.001%))
  Logic Levels:           2  (LUT5=1 OBUF=1)
  Clock Uncertainty:      0.025ns  ((TSJ^2 + TIJ^2)^1/2 + DJ) / 2 + PE
    Total System Jitter     (TSJ):    0.050ns
    Total Input Jitter      (TIJ):    0.000ns
    Discrete Jitter          (DJ):    0.000ns
    Phase Error              (PE):    0.000ns

    Location             Delay type                Incr(ns)  Path(ns)    Netlist Resource(s)
  -------------------------------------------------------------------    -------------------
                         (clock clk rise edge)        0.000     0.000 r  
    T18                                               0.000     0.000 r  clk (IN)
                         net (fo=0)                   0.000     0.000    clk
    T18                  IBUF (Prop_ibuf_I_O)         1.470     1.470 r  clk_IBUF_inst/O
                         net (fo=1, routed)           2.625     4.095    clk_IBUF
    BUFGCTRL_X0Y0        BUFG (Prop_bufg_I_O)         0.101     4.196 r  clk_IBUF_BUFG_inst/O
                         net (fo=4, routed)           1.869     6.065    clk_IBUF_BUFG
    SLICE_X113Y52        FDRE                                         r  count_reg[0]/C
  -------------------------------------------------------------------    -------------------
    SLICE_X113Y52        FDRE (Prop_fdre_C_Q)         0.456     6.521 f  count_reg[0]/Q
                         net (fo=7, routed)           1.551     8.072    count_OBUF[0]
    SLICE_X113Y49        LUT5 (Prop_lut5_I1_O)        0.124     8.196 r  min_count_OBUF_inst_i_1/O
                         net (fo=1, routed)           1.664     9.860    min_count_OBUF
    U19                  OBUF (Prop_obuf_I_O)         3.512    13.373 r  min_count_OBUF_inst/O
                         net (fo=0)                   0.000    13.373    min_count
    U19                                                               r  min_count (OUT)
  -------------------------------------------------------------------    -------------------

Slack:                    inf
  Source:                 count_reg[2]/C
                            (rising edge-triggered cell FDRE clocked by clk  {rise@0.000ns fall@5.000ns period=10.000ns})
  Destination:            count[2]
                            (output port)
  Path Group:             (none)
  Path Type:              Max at Slow Process Corner
  Data Path Delay:        6.312ns  (logic 3.987ns (63.172%)  route 2.324ns (36.828%))
  Logic Levels:           1  (OBUF=1)
  Clock Uncertainty:      0.025ns  ((TSJ^2 + TIJ^2)^1/2 + DJ) / 2 + PE
    Total System Jitter     (TSJ):    0.050ns
    Total Input Jitter      (TIJ):    0.000ns
    Discrete Jitter          (DJ):    0.000ns
    Phase Error              (PE):    0.000ns

    Location             Delay type                Incr(ns)  Path(ns)    Netlist Resource(s)
  -------------------------------------------------------------------    -------------------
                         (clock clk rise edge)        0.000     0.000 r  
    T18                                               0.000     0.000 r  clk (IN)
                         net (fo=0)                   0.000     0.000    clk
    T18                  IBUF (Prop_ibuf_I_O)         1.470     1.470 r  clk_IBUF_inst/O
                         net (fo=1, routed)           2.625     4.095    clk_IBUF
    BUFGCTRL_X0Y0        BUFG (Prop_bufg_I_O)         0.101     4.196 r  clk_IBUF_BUFG_inst/O
                         net (fo=4, routed)           1.869     6.065    clk_IBUF_BUFG
    SLICE_X113Y52        FDRE                                         r  count_reg[2]/C
  -------------------------------------------------------------------    -------------------
    SLICE_X113Y52        FDRE (Prop_fdre_C_Q)         0.456     6.521 r  count_reg[2]/Q
                         net (fo=5, routed)           2.324     8.845    count_OBUF[2]
    U22                  OBUF (Prop_obuf_I_O)         3.531    12.376 r  count_OBUF[2]_inst/O
                         net (fo=0)                   0.000    12.376    count[2]
    U22                                                               r  count[2] (OUT)
  -------------------------------------------------------------------    -------------------

Slack:                    inf
  Source:                 count_reg[1]/C
                            (rising edge-triggered cell FDRE clocked by clk  {rise@0.000ns fall@5.000ns period=10.000ns})
  Destination:            count[1]
                            (output port)
  Path Group:             (none)
  Path Type:              Max at Slow Process Corner
  Data Path Delay:        6.117ns  (logic 4.108ns (67.151%)  route 2.009ns (32.849%))
  Logic Levels:           1  (OBUF=1)
  Clock Uncertainty:      0.025ns  ((TSJ^2 + TIJ^2)^1/2 + DJ) / 2 + PE
    Total System Jitter     (TSJ):    0.050ns
    Total Input Jitter      (TIJ):    0.000ns
    Discrete Jitter          (DJ):    0.000ns
    Phase Error              (PE):    0.000ns

    Location             Delay type                Incr(ns)  Path(ns)    Netlist Resource(s)
  -------------------------------------------------------------------    -------------------
                         (clock clk rise edge)        0.000     0.000 r  
    T18                                               0.000     0.000 r  clk (IN)
                         net (fo=0)                   0.000     0.000    clk
    T18                  IBUF (Prop_ibuf_I_O)         1.470     1.470 r  clk_IBUF_inst/O
                         net (fo=1, routed)           2.625     4.095    clk_IBUF
    BUFGCTRL_X0Y0        BUFG (Prop_bufg_I_O)         0.101     4.196 r  clk_IBUF_BUFG_inst/O
                         net (fo=4, routed)           1.869     6.065    clk_IBUF_BUFG
    SLICE_X113Y52        FDRE                                         r  count_reg[1]/C
  -------------------------------------------------------------------    -------------------
    SLICE_X113Y52        FDRE (Prop_fdre_C_Q)         0.419     6.484 r  count_reg[1]/Q
                         net (fo=7, routed)           2.009     8.493    count_OBUF[1]
    T21                  OBUF (Prop_obuf_I_O)         3.689    12.182 r  count_OBUF[1]_inst/O
                         net (fo=0)                   0.000    12.182    count[1]
    T21                                                               r  count[1] (OUT)
  -------------------------------------------------------------------    -------------------

Slack:                    inf
  Source:                 count_reg[3]/C
                            (rising edge-triggered cell FDRE clocked by clk  {rise@0.000ns fall@5.000ns period=10.000ns})
  Destination:            count[3]
                            (output port)
  Path Group:             (none)
  Path Type:              Max at Slow Process Corner
  Data Path Delay:        6.115ns  (logic 3.986ns (65.183%)  route 2.129ns (34.817%))
  Logic Levels:           1  (OBUF=1)
  Clock Uncertainty:      0.025ns  ((TSJ^2 + TIJ^2)^1/2 + DJ) / 2 + PE
    Total System Jitter     (TSJ):    0.050ns
    Total Input Jitter      (TIJ):    0.000ns
    Discrete Jitter          (DJ):    0.000ns
    Phase Error              (PE):    0.000ns

    Location             Delay type                Incr(ns)  Path(ns)    Netlist Resource(s)
  -------------------------------------------------------------------    -------------------
                         (clock clk rise edge)        0.000     0.000 r  
    T18                                               0.000     0.000 r  clk (IN)
                         net (fo=0)                   0.000     0.000    clk
    T18                  IBUF (Prop_ibuf_I_O)         1.470     1.470 r  clk_IBUF_inst/O
                         net (fo=1, routed)           2.625     4.095    clk_IBUF
    BUFGCTRL_X0Y0        BUFG (Prop_bufg_I_O)         0.101     4.196 r  clk_IBUF_BUFG_inst/O
                         net (fo=4, routed)           1.869     6.065    clk_IBUF_BUFG
    SLICE_X113Y52        FDRE                                         r  count_reg[3]/C
  -------------------------------------------------------------------    -------------------
    SLICE_X113Y52        FDRE (Prop_fdre_C_Q)         0.456     6.521 r  count_reg[3]/Q
                         net (fo=4, routed)           2.129     8.650    count_OBUF[3]
    U21                  OBUF (Prop_obuf_I_O)         3.530    12.179 r  count_OBUF[3]_inst/O
                         net (fo=0)                   0.000    12.179    count[3]
    U21                                                               r  count[3] (OUT)
  -------------------------------------------------------------------    -------------------

Slack:                    inf
  Source:                 count_reg[0]/C
                            (rising edge-triggered cell FDRE clocked by clk  {rise@0.000ns fall@5.000ns period=10.000ns})
  Destination:            count[0]
                            (output port)
  Path Group:             (none)
  Path Type:              Max at Slow Process Corner
  Data Path Delay:        5.894ns  (logic 3.978ns (67.493%)  route 1.916ns (32.507%))
  Logic Levels:           1  (OBUF=1)
  Clock Uncertainty:      0.025ns  ((TSJ^2 + TIJ^2)^1/2 + DJ) / 2 + PE
    Total System Jitter     (TSJ):    0.050ns
    Total Input Jitter      (TIJ):    0.000ns
    Discrete Jitter          (DJ):    0.000ns
    Phase Error              (PE):    0.000ns

    Location             Delay type                Incr(ns)  Path(ns)    Netlist Resource(s)
  -------------------------------------------------------------------    -------------------
                         (clock clk rise edge)        0.000     0.000 r  
    T18                                               0.000     0.000 r  clk (IN)
                         net (fo=0)                   0.000     0.000    clk
    T18                  IBUF (Prop_ibuf_I_O)         1.470     1.470 r  clk_IBUF_inst/O
                         net (fo=1, routed)           2.625     4.095    clk_IBUF
    BUFGCTRL_X0Y0        BUFG (Prop_bufg_I_O)         0.101     4.196 r  clk_IBUF_BUFG_inst/O
                         net (fo=4, routed)           1.869     6.065    clk_IBUF_BUFG
    SLICE_X113Y52        FDRE                                         r  count_reg[0]/C
  -------------------------------------------------------------------    -------------------
    SLICE_X113Y52        FDRE (Prop_fdre_C_Q)         0.456     6.521 r  count_reg[0]/Q
                         net (fo=7, routed)           1.916     8.437    count_OBUF[0]
    T22                  OBUF (Prop_obuf_I_O)         3.522    11.959 r  count_OBUF[0]_inst/O
                         net (fo=0)                   0.000    11.959    count[0]
    T22                                                               r  count[0] (OUT)
  -------------------------------------------------------------------    -------------------





Min Delay Paths
--------------------------------------------------------------------------------------
Slack:                    inf
  Source:                 count_reg[0]/C
                            (rising edge-triggered cell FDRE clocked by clk  {rise@0.000ns fall@5.000ns period=10.000ns})
  Destination:            count[0]
                            (output port)
  Path Group:             (none)
  Path Type:              Min at Fast Process Corner
  Data Path Delay:        1.833ns  (logic 1.364ns (74.413%)  route 0.469ns (25.587%))
  Logic Levels:           1  (OBUF=1)
  Clock Uncertainty:      0.025ns  ((TSJ^2 + TIJ^2)^1/2 + DJ) / 2 + PE
    Total System Jitter     (TSJ):    0.050ns
    Total Input Jitter      (TIJ):    0.000ns
    Discrete Jitter          (DJ):    0.000ns
    Phase Error              (PE):    0.000ns

    Location             Delay type                Incr(ns)  Path(ns)    Netlist Resource(s)
  -------------------------------------------------------------------    -------------------
                         (clock clk rise edge)        0.000     0.000 r  
    T18                                               0.000     0.000 r  clk (IN)
                         net (fo=0)                   0.000     0.000    clk
    T18                  IBUF (Prop_ibuf_I_O)         0.237     0.237 r  clk_IBUF_inst/O
                         net (fo=1, routed)           1.103     1.341    clk_IBUF
    BUFGCTRL_X0Y0        BUFG (Prop_bufg_I_O)         0.026     1.367 r  clk_IBUF_BUFG_inst/O
                         net (fo=4, routed)           0.639     2.005    clk_IBUF_BUFG
    SLICE_X113Y52        FDRE                                         r  count_reg[0]/C
  -------------------------------------------------------------------    -------------------
    SLICE_X113Y52        FDRE (Prop_fdre_C_Q)         0.141     2.146 r  count_reg[0]/Q
                         net (fo=7, routed)           0.469     2.615    count_OBUF[0]
    T22                  OBUF (Prop_obuf_I_O)         1.223     3.839 r  count_OBUF[0]_inst/O
                         net (fo=0)                   0.000     3.839    count[0]
    T22                                                               r  count[0] (OUT)
  -------------------------------------------------------------------    -------------------

Slack:                    inf
  Source:                 count_reg[3]/C
                            (rising edge-triggered cell FDRE clocked by clk  {rise@0.000ns fall@5.000ns period=10.000ns})
  Destination:            count[3]
                            (output port)
  Path Group:             (none)
  Path Type:              Min at Fast Process Corner
  Data Path Delay:        1.876ns  (logic 1.372ns (73.130%)  route 0.504ns (26.870%))
  Logic Levels:           1  (OBUF=1)
  Clock Uncertainty:      0.025ns  ((TSJ^2 + TIJ^2)^1/2 + DJ) / 2 + PE
    Total System Jitter     (TSJ):    0.050ns
    Total Input Jitter      (TIJ):    0.000ns
    Discrete Jitter          (DJ):    0.000ns
    Phase Error              (PE):    0.000ns

    Location             Delay type                Incr(ns)  Path(ns)    Netlist Resource(s)
  -------------------------------------------------------------------    -------------------
                         (clock clk rise edge)        0.000     0.000 r  
    T18                                               0.000     0.000 r  clk (IN)
                         net (fo=0)                   0.000     0.000    clk
    T18                  IBUF (Prop_ibuf_I_O)         0.237     0.237 r  clk_IBUF_inst/O
                         net (fo=1, routed)           1.103     1.341    clk_IBUF
    BUFGCTRL_X0Y0        BUFG (Prop_bufg_I_O)         0.026     1.367 r  clk_IBUF_BUFG_inst/O
                         net (fo=4, routed)           0.639     2.005    clk_IBUF_BUFG
    SLICE_X113Y52        FDRE                                         r  count_reg[3]/C
  -------------------------------------------------------------------    -------------------
    SLICE_X113Y52        FDRE (Prop_fdre_C_Q)         0.141     2.146 r  count_reg[3]/Q
                         net (fo=4, routed)           0.504     2.650    count_OBUF[3]
    U21                  OBUF (Prop_obuf_I_O)         1.231     3.881 r  count_OBUF[3]_inst/O
                         net (fo=0)                   0.000     3.881    count[3]
    U21                                                               r  count[3] (OUT)
  -------------------------------------------------------------------    -------------------

Slack:                    inf
  Source:                 count_reg[1]/C
                            (rising edge-triggered cell FDRE clocked by clk  {rise@0.000ns fall@5.000ns period=10.000ns})
  Destination:            count[1]
                            (output port)
  Path Group:             (none)
  Path Type:              Min at Fast Process Corner
  Data Path Delay:        1.888ns  (logic 1.397ns (73.974%)  route 0.491ns (26.026%))
  Logic Levels:           1  (OBUF=1)
  Clock Uncertainty:      0.025ns  ((TSJ^2 + TIJ^2)^1/2 + DJ) / 2 + PE
    Total System Jitter     (TSJ):    0.050ns
    Total Input Jitter      (TIJ):    0.000ns
    Discrete Jitter          (DJ):    0.000ns
    Phase Error              (PE):    0.000ns

    Location             Delay type                Incr(ns)  Path(ns)    Netlist Resource(s)
  -------------------------------------------------------------------    -------------------
                         (clock clk rise edge)        0.000     0.000 r  
    T18                                               0.000     0.000 r  clk (IN)
                         net (fo=0)                   0.000     0.000    clk
    T18                  IBUF (Prop_ibuf_I_O)         0.237     0.237 r  clk_IBUF_inst/O
                         net (fo=1, routed)           1.103     1.341    clk_IBUF
    BUFGCTRL_X0Y0        BUFG (Prop_bufg_I_O)         0.026     1.367 r  clk_IBUF_BUFG_inst/O
                         net (fo=4, routed)           0.639     2.005    clk_IBUF_BUFG
    SLICE_X113Y52        FDRE                                         r  count_reg[1]/C
  -------------------------------------------------------------------    -------------------
    SLICE_X113Y52        FDRE (Prop_fdre_C_Q)         0.128     2.133 r  count_reg[1]/Q
                         net (fo=7, routed)           0.491     2.625    count_OBUF[1]
    T21                  OBUF (Prop_obuf_I_O)         1.269     3.893 r  count_OBUF[1]_inst/O
                         net (fo=0)                   0.000     3.893    count[1]
    T21                                                               r  count[1] (OUT)
  -------------------------------------------------------------------    -------------------

Slack:                    inf
  Source:                 count_reg[2]/C
                            (rising edge-triggered cell FDRE clocked by clk  {rise@0.000ns fall@5.000ns period=10.000ns})
  Destination:            count[2]
                            (output port)
  Path Group:             (none)
  Path Type:              Min at Fast Process Corner
  Data Path Delay:        1.980ns  (logic 1.373ns (69.329%)  route 0.607ns (30.671%))
  Logic Levels:           1  (OBUF=1)
  Clock Uncertainty:      0.025ns  ((TSJ^2 + TIJ^2)^1/2 + DJ) / 2 + PE
    Total System Jitter     (TSJ):    0.050ns
    Total Input Jitter      (TIJ):    0.000ns
    Discrete Jitter          (DJ):    0.000ns
    Phase Error              (PE):    0.000ns

    Location             Delay type                Incr(ns)  Path(ns)    Netlist Resource(s)
  -------------------------------------------------------------------    -------------------
                         (clock clk rise edge)        0.000     0.000 r  
    T18                                               0.000     0.000 r  clk (IN)
                         net (fo=0)                   0.000     0.000    clk
    T18                  IBUF (Prop_ibuf_I_O)         0.237     0.237 r  clk_IBUF_inst/O
                         net (fo=1, routed)           1.103     1.341    clk_IBUF
    BUFGCTRL_X0Y0        BUFG (Prop_bufg_I_O)         0.026     1.367 r  clk_IBUF_BUFG_inst/O
                         net (fo=4, routed)           0.639     2.005    clk_IBUF_BUFG
    SLICE_X113Y52        FDRE                                         r  count_reg[2]/C
  -------------------------------------------------------------------    -------------------
    SLICE_X113Y52        FDRE (Prop_fdre_C_Q)         0.141     2.146 r  count_reg[2]/Q
                         net (fo=5, routed)           0.607     2.754    count_OBUF[2]
    U22                  OBUF (Prop_obuf_I_O)         1.232     3.986 r  count_OBUF[2]_inst/O
                         net (fo=0)                   0.000     3.986    count[2]
    U22                                                               r  count[2] (OUT)
  -------------------------------------------------------------------    -------------------

Slack:                    inf
  Source:                 count_reg[3]/C
                            (rising edge-triggered cell FDRE clocked by clk  {rise@0.000ns fall@5.000ns period=10.000ns})
  Destination:            min_count
                            (output port)
  Path Group:             (none)
  Path Type:              Min at Fast Process Corner
  Data Path Delay:        2.003ns  (logic 1.399ns (69.879%)  route 0.603ns (30.121%))
  Logic Levels:           2  (LUT5=1 OBUF=1)
  Clock Uncertainty:      0.025ns  ((TSJ^2 + TIJ^2)^1/2 + DJ) / 2 + PE
    Total System Jitter     (TSJ):    0.050ns
    Total Input Jitter      (TIJ):    0.000ns
    Discrete Jitter          (DJ):    0.000ns
    Phase Error              (PE):    0.000ns

    Location             Delay type                Incr(ns)  Path(ns)    Netlist Resource(s)
  -------------------------------------------------------------------    -------------------
                         (clock clk rise edge)        0.000     0.000 r  
    T18                                               0.000     0.000 r  clk (IN)
                         net (fo=0)                   0.000     0.000    clk
    T18                  IBUF (Prop_ibuf_I_O)         0.237     0.237 r  clk_IBUF_inst/O
                         net (fo=1, routed)           1.103     1.341    clk_IBUF
    BUFGCTRL_X0Y0        BUFG (Prop_bufg_I_O)         0.026     1.367 r  clk_IBUF_BUFG_inst/O
                         net (fo=4, routed)           0.639     2.005    clk_IBUF_BUFG
    SLICE_X113Y52        FDRE                                         r  count_reg[3]/C
  -------------------------------------------------------------------    -------------------
    SLICE_X113Y52        FDRE (Prop_fdre_C_Q)         0.141     2.146 f  count_reg[3]/Q
                         net (fo=4, routed)           0.272     2.418    count_OBUF[3]
    SLICE_X113Y49        LUT5 (Prop_lut5_I3_O)        0.045     2.463 r  min_count_OBUF_inst_i_1/O
                         net (fo=1, routed)           0.331     2.794    min_count_OBUF
    U19                  OBUF (Prop_obuf_I_O)         1.213     4.008 r  min_count_OBUF_inst/O
                         net (fo=0)                   0.000     4.008    min_count
    U19                                                               r  min_count (OUT)
  -------------------------------------------------------------------    -------------------

Slack:                    inf
  Source:                 count_reg[3]/C
                            (rising edge-triggered cell FDRE clocked by clk  {rise@0.000ns fall@5.000ns period=10.000ns})
  Destination:            max_count
                            (output port)
  Path Group:             (none)
  Path Type:              Min at Fast Process Corner
  Data Path Delay:        2.792ns  (logic 1.452ns (52.004%)  route 1.340ns (47.996%))
  Logic Levels:           2  (LUT5=1 OBUF=1)
  Clock Uncertainty:      0.025ns  ((TSJ^2 + TIJ^2)^1/2 + DJ) / 2 + PE
    Total System Jitter     (TSJ):    0.050ns
    Total Input Jitter      (TIJ):    0.000ns
    Discrete Jitter          (DJ):    0.000ns
    Phase Error              (PE):    0.000ns

    Location             Delay type                Incr(ns)  Path(ns)    Netlist Resource(s)
  -------------------------------------------------------------------    -------------------
                         (clock clk rise edge)        0.000     0.000 r  
    T18                                               0.000     0.000 r  clk (IN)
                         net (fo=0)                   0.000     0.000    clk
    T18                  IBUF (Prop_ibuf_I_O)         0.237     0.237 r  clk_IBUF_inst/O
                         net (fo=1, routed)           1.103     1.341    clk_IBUF
    BUFGCTRL_X0Y0        BUFG (Prop_bufg_I_O)         0.026     1.367 r  clk_IBUF_BUFG_inst/O
                         net (fo=4, routed)           0.639     2.005    clk_IBUF_BUFG
    SLICE_X113Y52        FDRE                                         r  count_reg[3]/C
  -------------------------------------------------------------------    -------------------
    SLICE_X113Y52        FDRE (Prop_fdre_C_Q)         0.141     2.146 r  count_reg[3]/Q
                         net (fo=4, routed)           0.272     2.418    count_OBUF[3]
    SLICE_X113Y49        LUT5 (Prop_lut5_I3_O)        0.046     2.464 r  max_count_OBUF_inst_i_1/O
                         net (fo=1, routed)           1.068     3.532    max_count_OBUF
    U14                  OBUF (Prop_obuf_I_O)         1.265     4.798 r  max_count_OBUF_inst/O
                         net (fo=0)                   0.000     4.798    max_count
    U14                                                               r  max_count (OUT)
  -------------------------------------------------------------------    -------------------





--------------------------------------------------------------------------------------
Path Group:  (none)
From Clock:  
  To Clock:  clk

Max Delay             8 Endpoints
Min Delay             8 Endpoints
--------------------------------------------------------------------------------------


Max Delay Paths
--------------------------------------------------------------------------------------
Slack:                    inf
  Source:                 up
                            (input port)
  Destination:            count_reg[3]/D
                            (rising edge-triggered cell FDRE clocked by clk  {rise@0.000ns fall@5.000ns period=10.000ns})
  Path Group:             (none)
  Path Type:              Setup (Max at Slow Process Corner)
  Data Path Delay:        5.694ns  (logic 1.702ns (29.894%)  route 3.992ns (70.106%))
  Logic Levels:           3  (IBUF=1 LUT3=1 LUT6=1)
  Clock Path Skew:        5.436ns (DCD - SCD + CPR)
    Destination Clock Delay (DCD):    5.436ns
    Source Clock Delay      (SCD):    0.000ns
    Clock Pessimism Removal (CPR):    0.000ns
  Clock Uncertainty:      0.025ns  ((TSJ^2 + TIJ^2)^1/2 + DJ) / 2 + PE
    Total System Jitter     (TSJ):    0.050ns
    Total Input Jitter      (TIJ):    0.000ns
    Discrete Jitter          (DJ):    0.000ns
    Phase Error              (PE):    0.000ns

    Location             Delay type                Incr(ns)  Path(ns)    Netlist Resource(s)
  -------------------------------------------------------------------    -------------------
    H17                                               0.000     0.000 r  up (IN)
                         net (fo=0)                   0.000     0.000    up
    H17                  IBUF (Prop_ibuf_I_O)         1.454     1.454 r  up_IBUF_inst/O
                         net (fo=5, routed)           3.559     5.013    up_IBUF
    SLICE_X113Y52        LUT3 (Prop_lut3_I1_O)        0.124     5.137 r  count[3]_i_2/O
                         net (fo=1, routed)           0.433     5.570    count[3]_i_2_n_0
    SLICE_X113Y52        LUT6 (Prop_lut6_I2_O)        0.124     5.694 r  count[3]_i_1/O
                         net (fo=1, routed)           0.000     5.694    next_count[3]
    SLICE_X113Y52        FDRE                                         r  count_reg[3]/D
  -------------------------------------------------------------------    -------------------

                         (clock clk rise edge)        0.000     0.000 r  
    T18                                               0.000     0.000 r  clk (IN)
                         net (fo=0)                   0.000     0.000    clk
    T18                  IBUF (Prop_ibuf_I_O)         1.399     1.399 r  clk_IBUF_inst/O
                         net (fo=1, routed)           2.256     3.655    clk_IBUF
    BUFGCTRL_X0Y0        BUFG (Prop_bufg_I_O)         0.091     3.746 r  clk_IBUF_BUFG_inst/O
                         net (fo=4, routed)           1.690     5.436    clk_IBUF_BUFG
    SLICE_X113Y52        FDRE                                         r  count_reg[3]/C

Slack:                    inf
  Source:                 up
                            (input port)
  Destination:            count_reg[1]/D
                            (rising edge-triggered cell FDRE clocked by clk  {rise@0.000ns fall@5.000ns period=10.000ns})
  Path Group:             (none)
  Path Type:              Setup (Max at Slow Process Corner)
  Data Path Delay:        5.638ns  (logic 1.604ns (28.453%)  route 4.034ns (71.547%))
  Logic Levels:           2  (IBUF=1 LUT5=1)
  Clock Path Skew:        5.436ns (DCD - SCD + CPR)
    Destination Clock Delay (DCD):    5.436ns
    Source Clock Delay      (SCD):    0.000ns
    Clock Pessimism Removal (CPR):    0.000ns
  Clock Uncertainty:      0.025ns  ((TSJ^2 + TIJ^2)^1/2 + DJ) / 2 + PE
    Total System Jitter     (TSJ):    0.050ns
    Total Input Jitter      (TIJ):    0.000ns
    Discrete Jitter          (DJ):    0.000ns
    Phase Error              (PE):    0.000ns

    Location             Delay type                Incr(ns)  Path(ns)    Netlist Resource(s)
  -------------------------------------------------------------------    -------------------
    H17                                               0.000     0.000 r  up (IN)
                         net (fo=0)                   0.000     0.000    up
    H17                  IBUF (Prop_ibuf_I_O)         1.454     1.454 r  up_IBUF_inst/O
                         net (fo=5, routed)           3.559     5.013    up_IBUF
    SLICE_X113Y52        LUT5 (Prop_lut5_I3_O)        0.150     5.163 r  count[1]_i_1/O
                         net (fo=1, routed)           0.475     5.638    next_count[1]
    SLICE_X113Y52        FDRE                                         r  count_reg[1]/D
  -------------------------------------------------------------------    -------------------

                         (clock clk rise edge)        0.000     0.000 r  
    T18                                               0.000     0.000 r  clk (IN)
                         net (fo=0)                   0.000     0.000    clk
    T18                  IBUF (Prop_ibuf_I_O)         1.399     1.399 r  clk_IBUF_inst/O
                         net (fo=1, routed)           2.256     3.655    clk_IBUF
    BUFGCTRL_X0Y0        BUFG (Prop_bufg_I_O)         0.091     3.746 r  clk_IBUF_BUFG_inst/O
                         net (fo=4, routed)           1.690     5.436    clk_IBUF_BUFG
    SLICE_X113Y52        FDRE                                         r  count_reg[1]/C

Slack:                    inf
  Source:                 up
                            (input port)
  Destination:            count_reg[2]/D
                            (rising edge-triggered cell FDRE clocked by clk  {rise@0.000ns fall@5.000ns period=10.000ns})
  Path Group:             (none)
  Path Type:              Setup (Max at Slow Process Corner)
  Data Path Delay:        5.158ns  (logic 1.578ns (30.599%)  route 3.580ns (69.401%))
  Logic Levels:           2  (IBUF=1 LUT6=1)
  Clock Path Skew:        5.436ns (DCD - SCD + CPR)
    Destination Clock Delay (DCD):    5.436ns
    Source Clock Delay      (SCD):    0.000ns
    Clock Pessimism Removal (CPR):    0.000ns
  Clock Uncertainty:      0.025ns  ((TSJ^2 + TIJ^2)^1/2 + DJ) / 2 + PE
    Total System Jitter     (TSJ):    0.050ns
    Total Input Jitter      (TIJ):    0.000ns
    Discrete Jitter          (DJ):    0.000ns
    Phase Error              (PE):    0.000ns

    Location             Delay type                Incr(ns)  Path(ns)    Netlist Resource(s)
  -------------------------------------------------------------------    -------------------
    H17                                               0.000     0.000 r  up (IN)
                         net (fo=0)                   0.000     0.000    up
    H17                  IBUF (Prop_ibuf_I_O)         1.454     1.454 r  up_IBUF_inst/O
                         net (fo=5, routed)           3.580     5.034    up_IBUF
    SLICE_X113Y52        LUT6 (Prop_lut6_I3_O)        0.124     5.158 r  count[2]_i_1/O
                         net (fo=1, routed)           0.000     5.158    next_count[2]
    SLICE_X113Y52        FDRE                                         r  count_reg[2]/D
  -------------------------------------------------------------------    -------------------

                         (clock clk rise edge)        0.000     0.000 r  
    T18                                               0.000     0.000 r  clk (IN)
                         net (fo=0)                   0.000     0.000    clk
    T18                  IBUF (Prop_ibuf_I_O)         1.399     1.399 r  clk_IBUF_inst/O
                         net (fo=1, routed)           2.256     3.655    clk_IBUF
    BUFGCTRL_X0Y0        BUFG (Prop_bufg_I_O)         0.091     3.746 r  clk_IBUF_BUFG_inst/O
                         net (fo=4, routed)           1.690     5.436    clk_IBUF_BUFG
    SLICE_X113Y52        FDRE                                         r  count_reg[2]/C

Slack:                    inf
  Source:                 inp[0]
                            (input port)
  Destination:            count_reg[0]/D
                            (rising edge-triggered cell FDRE clocked by clk  {rise@0.000ns fall@5.000ns period=10.000ns})
  Path Group:             (none)
  Path Type:              Setup (Max at Slow Process Corner)
  Data Path Delay:        4.202ns  (logic 1.611ns (38.330%)  route 2.592ns (61.670%))
  Logic Levels:           2  (IBUF=1 LUT3=1)
  Clock Path Skew:        5.436ns (DCD - SCD + CPR)
    Destination Clock Delay (DCD):    5.436ns
    Source Clock Delay      (SCD):    0.000ns
    Clock Pessimism Removal (CPR):    0.000ns
  Clock Uncertainty:      0.025ns  ((TSJ^2 + TIJ^2)^1/2 + DJ) / 2 + PE
    Total System Jitter     (TSJ):    0.050ns
    Total Input Jitter      (TIJ):    0.000ns
    Discrete Jitter          (DJ):    0.000ns
    Phase Error              (PE):    0.000ns

    Location             Delay type                Incr(ns)  Path(ns)    Netlist Resource(s)
  -------------------------------------------------------------------    -------------------
    F22                                               0.000     0.000 r  inp[0] (IN)
                         net (fo=0)                   0.000     0.000    inp[0]
    F22                  IBUF (Prop_ibuf_I_O)         1.487     1.487 r  inp_IBUF[0]_inst/O
                         net (fo=1, routed)           2.592     4.078    inp_IBUF[0]
    SLICE_X113Y52        LUT3 (Prop_lut3_I0_O)        0.124     4.202 r  count[0]_i_1/O
                         net (fo=1, routed)           0.000     4.202    next_count[0]
    SLICE_X113Y52        FDRE                                         r  count_reg[0]/D
  -------------------------------------------------------------------    -------------------

                         (clock clk rise edge)        0.000     0.000 r  
    T18                                               0.000     0.000 r  clk (IN)
                         net (fo=0)                   0.000     0.000    clk
    T18                  IBUF (Prop_ibuf_I_O)         1.399     1.399 r  clk_IBUF_inst/O
                         net (fo=1, routed)           2.256     3.655    clk_IBUF
    BUFGCTRL_X0Y0        BUFG (Prop_bufg_I_O)         0.091     3.746 r  clk_IBUF_BUFG_inst/O
                         net (fo=4, routed)           1.690     5.436    clk_IBUF_BUFG
    SLICE_X113Y52        FDRE                                         r  count_reg[0]/C

Slack:                    inf
  Source:                 reset
                            (input port)
  Destination:            count_reg[0]/R
                            (rising edge-triggered cell FDRE clocked by clk  {rise@0.000ns fall@5.000ns period=10.000ns})
  Path Group:             (none)
  Path Type:              Setup (Max at Slow Process Corner)
  Data Path Delay:        2.345ns  (logic 1.448ns (61.742%)  route 0.897ns (38.258%))
  Logic Levels:           1  (IBUF=1)
  Clock Path Skew:        5.436ns (DCD - SCD + CPR)
    Destination Clock Delay (DCD):    5.436ns
    Source Clock Delay      (SCD):    0.000ns
    Clock Pessimism Removal (CPR):    0.000ns
  Clock Uncertainty:      0.025ns  ((TSJ^2 + TIJ^2)^1/2 + DJ) / 2 + PE
    Total System Jitter     (TSJ):    0.050ns
    Total Input Jitter      (TIJ):    0.000ns
    Discrete Jitter          (DJ):    0.000ns
    Phase Error              (PE):    0.000ns

    Location             Delay type                Incr(ns)  Path(ns)    Netlist Resource(s)
  -------------------------------------------------------------------    -------------------
    P16                                               0.000     0.000 r  reset (IN)
                         net (fo=0)                   0.000     0.000    reset
    P16                  IBUF (Prop_ibuf_I_O)         1.448     1.448 r  reset_IBUF_inst/O
                         net (fo=4, routed)           0.897     2.345    reset_IBUF
    SLICE_X113Y52        FDRE                                         r  count_reg[0]/R
  -------------------------------------------------------------------    -------------------

                         (clock clk rise edge)        0.000     0.000 r  
    T18                                               0.000     0.000 r  clk (IN)
                         net (fo=0)                   0.000     0.000    clk
    T18                  IBUF (Prop_ibuf_I_O)         1.399     1.399 r  clk_IBUF_inst/O
                         net (fo=1, routed)           2.256     3.655    clk_IBUF
    BUFGCTRL_X0Y0        BUFG (Prop_bufg_I_O)         0.091     3.746 r  clk_IBUF_BUFG_inst/O
                         net (fo=4, routed)           1.690     5.436    clk_IBUF_BUFG
    SLICE_X113Y52        FDRE                                         r  count_reg[0]/C

Slack:                    inf
  Source:                 reset
                            (input port)
  Destination:            count_reg[1]/R
                            (rising edge-triggered cell FDRE clocked by clk  {rise@0.000ns fall@5.000ns period=10.000ns})
  Path Group:             (none)
  Path Type:              Setup (Max at Slow Process Corner)
  Data Path Delay:        2.345ns  (logic 1.448ns (61.742%)  route 0.897ns (38.258%))
  Logic Levels:           1  (IBUF=1)
  Clock Path Skew:        5.436ns (DCD - SCD + CPR)
    Destination Clock Delay (DCD):    5.436ns
    Source Clock Delay      (SCD):    0.000ns
    Clock Pessimism Removal (CPR):    0.000ns
  Clock Uncertainty:      0.025ns  ((TSJ^2 + TIJ^2)^1/2 + DJ) / 2 + PE
    Total System Jitter     (TSJ):    0.050ns
    Total Input Jitter      (TIJ):    0.000ns
    Discrete Jitter          (DJ):    0.000ns
    Phase Error              (PE):    0.000ns

    Location             Delay type                Incr(ns)  Path(ns)    Netlist Resource(s)
  -------------------------------------------------------------------    -------------------
    P16                                               0.000     0.000 r  reset (IN)
                         net (fo=0)                   0.000     0.000    reset
    P16                  IBUF (Prop_ibuf_I_O)         1.448     1.448 r  reset_IBUF_inst/O
                         net (fo=4, routed)           0.897     2.345    reset_IBUF
    SLICE_X113Y52        FDRE                                         r  count_reg[1]/R
  -------------------------------------------------------------------    -------------------

                         (clock clk rise edge)        0.000     0.000 r  
    T18                                               0.000     0.000 r  clk (IN)
                         net (fo=0)                   0.000     0.000    clk
    T18                  IBUF (Prop_ibuf_I_O)         1.399     1.399 r  clk_IBUF_inst/O
                         net (fo=1, routed)           2.256     3.655    clk_IBUF
    BUFGCTRL_X0Y0        BUFG (Prop_bufg_I_O)         0.091     3.746 r  clk_IBUF_BUFG_inst/O
                         net (fo=4, routed)           1.690     5.436    clk_IBUF_BUFG
    SLICE_X113Y52        FDRE                                         r  count_reg[1]/C

Slack:                    inf
  Source:                 reset
                            (input port)
  Destination:            count_reg[2]/R
                            (rising edge-triggered cell FDRE clocked by clk  {rise@0.000ns fall@5.000ns period=10.000ns})
  Path Group:             (none)
  Path Type:              Setup (Max at Slow Process Corner)
  Data Path Delay:        2.345ns  (logic 1.448ns (61.742%)  route 0.897ns (38.258%))
  Logic Levels:           1  (IBUF=1)
  Clock Path Skew:        5.436ns (DCD - SCD + CPR)
    Destination Clock Delay (DCD):    5.436ns
    Source Clock Delay      (SCD):    0.000ns
    Clock Pessimism Removal (CPR):    0.000ns
  Clock Uncertainty:      0.025ns  ((TSJ^2 + TIJ^2)^1/2 + DJ) / 2 + PE
    Total System Jitter     (TSJ):    0.050ns
    Total Input Jitter      (TIJ):    0.000ns
    Discrete Jitter          (DJ):    0.000ns
    Phase Error              (PE):    0.000ns

    Location             Delay type                Incr(ns)  Path(ns)    Netlist Resource(s)
  -------------------------------------------------------------------    -------------------
    P16                                               0.000     0.000 r  reset (IN)
                         net (fo=0)                   0.000     0.000    reset
    P16                  IBUF (Prop_ibuf_I_O)         1.448     1.448 r  reset_IBUF_inst/O
                         net (fo=4, routed)           0.897     2.345    reset_IBUF
    SLICE_X113Y52        FDRE                                         r  count_reg[2]/R
  -------------------------------------------------------------------    -------------------

                         (clock clk rise edge)        0.000     0.000 r  
    T18                                               0.000     0.000 r  clk (IN)
                         net (fo=0)                   0.000     0.000    clk
    T18                  IBUF (Prop_ibuf_I_O)         1.399     1.399 r  clk_IBUF_inst/O
                         net (fo=1, routed)           2.256     3.655    clk_IBUF
    BUFGCTRL_X0Y0        BUFG (Prop_bufg_I_O)         0.091     3.746 r  clk_IBUF_BUFG_inst/O
                         net (fo=4, routed)           1.690     5.436    clk_IBUF_BUFG
    SLICE_X113Y52        FDRE                                         r  count_reg[2]/C

Slack:                    inf
  Source:                 reset
                            (input port)
  Destination:            count_reg[3]/R
                            (rising edge-triggered cell FDRE clocked by clk  {rise@0.000ns fall@5.000ns period=10.000ns})
  Path Group:             (none)
  Path Type:              Setup (Max at Slow Process Corner)
  Data Path Delay:        2.345ns  (logic 1.448ns (61.742%)  route 0.897ns (38.258%))
  Logic Levels:           1  (IBUF=1)
  Clock Path Skew:        5.436ns (DCD - SCD + CPR)
    Destination Clock Delay (DCD):    5.436ns
    Source Clock Delay      (SCD):    0.000ns
    Clock Pessimism Removal (CPR):    0.000ns
  Clock Uncertainty:      0.025ns  ((TSJ^2 + TIJ^2)^1/2 + DJ) / 2 + PE
    Total System Jitter     (TSJ):    0.050ns
    Total Input Jitter      (TIJ):    0.000ns
    Discrete Jitter          (DJ):    0.000ns
    Phase Error              (PE):    0.000ns

    Location             Delay type                Incr(ns)  Path(ns)    Netlist Resource(s)
  -------------------------------------------------------------------    -------------------
    P16                                               0.000     0.000 r  reset (IN)
                         net (fo=0)                   0.000     0.000    reset
    P16                  IBUF (Prop_ibuf_I_O)         1.448     1.448 r  reset_IBUF_inst/O
                         net (fo=4, routed)           0.897     2.345    reset_IBUF
    SLICE_X113Y52        FDRE                                         r  count_reg[3]/R
  -------------------------------------------------------------------    -------------------

                         (clock clk rise edge)        0.000     0.000 r  
    T18                                               0.000     0.000 r  clk (IN)
                         net (fo=0)                   0.000     0.000    clk
    T18                  IBUF (Prop_ibuf_I_O)         1.399     1.399 r  clk_IBUF_inst/O
                         net (fo=1, routed)           2.256     3.655    clk_IBUF
    BUFGCTRL_X0Y0        BUFG (Prop_bufg_I_O)         0.091     3.746 r  clk_IBUF_BUFG_inst/O
                         net (fo=4, routed)           1.690     5.436    clk_IBUF_BUFG
    SLICE_X113Y52        FDRE                                         r  count_reg[3]/C





Min Delay Paths
--------------------------------------------------------------------------------------
Slack:                    inf
  Source:                 reset
                            (input port)
  Destination:            count_reg[0]/R
                            (rising edge-triggered cell FDRE clocked by clk  {rise@0.000ns fall@5.000ns period=10.000ns})
  Path Group:             (none)
  Path Type:              Hold (Min at Fast Process Corner)
  Data Path Delay:        0.560ns  (logic 0.216ns (38.574%)  route 0.344ns (61.426%))
  Logic Levels:           1  (IBUF=1)
  Clock Path Skew:        2.637ns (DCD - SCD - CPR)
    Destination Clock Delay (DCD):    2.637ns
    Source Clock Delay      (SCD):    0.000ns
    Clock Pessimism Removal (CPR):    -0.000ns

    Location             Delay type                Incr(ns)  Path(ns)    Netlist Resource(s)
  -------------------------------------------------------------------    -------------------
    P16                                               0.000     0.000 r  reset (IN)
                         net (fo=0)                   0.000     0.000    reset
    P16                  IBUF (Prop_ibuf_I_O)         0.216     0.216 r  reset_IBUF_inst/O
                         net (fo=4, routed)           0.344     0.560    reset_IBUF
    SLICE_X113Y52        FDRE                                         r  count_reg[0]/R
  -------------------------------------------------------------------    -------------------

                         (clock clk rise edge)        0.000     0.000 r  
    T18                                               0.000     0.000 r  clk (IN)
                         net (fo=0)                   0.000     0.000    clk
    T18                  IBUF (Prop_ibuf_I_O)         0.425     0.425 r  clk_IBUF_inst/O
                         net (fo=1, routed)           1.272     1.697    clk_IBUF
    BUFGCTRL_X0Y0        BUFG (Prop_bufg_I_O)         0.029     1.726 r  clk_IBUF_BUFG_inst/O
                         net (fo=4, routed)           0.911     2.637    clk_IBUF_BUFG
    SLICE_X113Y52        FDRE                                         r  count_reg[0]/C

Slack:                    inf
  Source:                 reset
                            (input port)
  Destination:            count_reg[1]/R
                            (rising edge-triggered cell FDRE clocked by clk  {rise@0.000ns fall@5.000ns period=10.000ns})
  Path Group:             (none)
  Path Type:              Hold (Min at Fast Process Corner)
  Data Path Delay:        0.560ns  (logic 0.216ns (38.574%)  route 0.344ns (61.426%))
  Logic Levels:           1  (IBUF=1)
  Clock Path Skew:        2.637ns (DCD - SCD - CPR)
    Destination Clock Delay (DCD):    2.637ns
    Source Clock Delay      (SCD):    0.000ns
    Clock Pessimism Removal (CPR):    -0.000ns

    Location             Delay type                Incr(ns)  Path(ns)    Netlist Resource(s)
  -------------------------------------------------------------------    -------------------
    P16                                               0.000     0.000 r  reset (IN)
                         net (fo=0)                   0.000     0.000    reset
    P16                  IBUF (Prop_ibuf_I_O)         0.216     0.216 r  reset_IBUF_inst/O
                         net (fo=4, routed)           0.344     0.560    reset_IBUF
    SLICE_X113Y52        FDRE                                         r  count_reg[1]/R
  -------------------------------------------------------------------    -------------------

                         (clock clk rise edge)        0.000     0.000 r  
    T18                                               0.000     0.000 r  clk (IN)
                         net (fo=0)                   0.000     0.000    clk
    T18                  IBUF (Prop_ibuf_I_O)         0.425     0.425 r  clk_IBUF_inst/O
                         net (fo=1, routed)           1.272     1.697    clk_IBUF
    BUFGCTRL_X0Y0        BUFG (Prop_bufg_I_O)         0.029     1.726 r  clk_IBUF_BUFG_inst/O
                         net (fo=4, routed)           0.911     2.637    clk_IBUF_BUFG
    SLICE_X113Y52        FDRE                                         r  count_reg[1]/C

Slack:                    inf
  Source:                 reset
                            (input port)
  Destination:            count_reg[2]/R
                            (rising edge-triggered cell FDRE clocked by clk  {rise@0.000ns fall@5.000ns period=10.000ns})
  Path Group:             (none)
  Path Type:              Hold (Min at Fast Process Corner)
  Data Path Delay:        0.560ns  (logic 0.216ns (38.574%)  route 0.344ns (61.426%))
  Logic Levels:           1  (IBUF=1)
  Clock Path Skew:        2.637ns (DCD - SCD - CPR)
    Destination Clock Delay (DCD):    2.637ns
    Source Clock Delay      (SCD):    0.000ns
    Clock Pessimism Removal (CPR):    -0.000ns

    Location             Delay type                Incr(ns)  Path(ns)    Netlist Resource(s)
  -------------------------------------------------------------------    -------------------
    P16                                               0.000     0.000 r  reset (IN)
                         net (fo=0)                   0.000     0.000    reset
    P16                  IBUF (Prop_ibuf_I_O)         0.216     0.216 r  reset_IBUF_inst/O
                         net (fo=4, routed)           0.344     0.560    reset_IBUF
    SLICE_X113Y52        FDRE                                         r  count_reg[2]/R
  -------------------------------------------------------------------    -------------------

                         (clock clk rise edge)        0.000     0.000 r  
    T18                                               0.000     0.000 r  clk (IN)
                         net (fo=0)                   0.000     0.000    clk
    T18                  IBUF (Prop_ibuf_I_O)         0.425     0.425 r  clk_IBUF_inst/O
                         net (fo=1, routed)           1.272     1.697    clk_IBUF
    BUFGCTRL_X0Y0        BUFG (Prop_bufg_I_O)         0.029     1.726 r  clk_IBUF_BUFG_inst/O
                         net (fo=4, routed)           0.911     2.637    clk_IBUF_BUFG
    SLICE_X113Y52        FDRE                                         r  count_reg[2]/C

Slack:                    inf
  Source:                 reset
                            (input port)
  Destination:            count_reg[3]/R
                            (rising edge-triggered cell FDRE clocked by clk  {rise@0.000ns fall@5.000ns period=10.000ns})
  Path Group:             (none)
  Path Type:              Hold (Min at Fast Process Corner)
  Data Path Delay:        0.560ns  (logic 0.216ns (38.574%)  route 0.344ns (61.426%))
  Logic Levels:           1  (IBUF=1)
  Clock Path Skew:        2.637ns (DCD - SCD - CPR)
    Destination Clock Delay (DCD):    2.637ns
    Source Clock Delay      (SCD):    0.000ns
    Clock Pessimism Removal (CPR):    -0.000ns

    Location             Delay type                Incr(ns)  Path(ns)    Netlist Resource(s)
  -------------------------------------------------------------------    -------------------
    P16                                               0.000     0.000 r  reset (IN)
                         net (fo=0)                   0.000     0.000    reset
    P16                  IBUF (Prop_ibuf_I_O)         0.216     0.216 r  reset_IBUF_inst/O
                         net (fo=4, routed)           0.344     0.560    reset_IBUF
    SLICE_X113Y52        FDRE                                         r  count_reg[3]/R
  -------------------------------------------------------------------    -------------------

                         (clock clk rise edge)        0.000     0.000 r  
    T18                                               0.000     0.000 r  clk (IN)
                         net (fo=0)                   0.000     0.000    clk
    T18                  IBUF (Prop_ibuf_I_O)         0.425     0.425 r  clk_IBUF_inst/O
                         net (fo=1, routed)           1.272     1.697    clk_IBUF
    BUFGCTRL_X0Y0        BUFG (Prop_bufg_I_O)         0.029     1.726 r  clk_IBUF_BUFG_inst/O
                         net (fo=4, routed)           0.911     2.637    clk_IBUF_BUFG
    SLICE_X113Y52        FDRE                                         r  count_reg[3]/C

Slack:                    inf
  Source:                 load
                            (input port)
  Destination:            count_reg[0]/D
                            (rising edge-triggered cell FDRE clocked by clk  {rise@0.000ns fall@5.000ns period=10.000ns})
  Path Group:             (none)
  Path Type:              Hold (Min at Fast Process Corner)
  Data Path Delay:        1.167ns  (logic 0.284ns (24.319%)  route 0.883ns (75.681%))
  Logic Levels:           2  (IBUF=1 LUT3=1)
  Clock Path Skew:        2.637ns (DCD - SCD - CPR)
    Destination Clock Delay (DCD):    2.637ns
    Source Clock Delay      (SCD):    0.000ns
    Clock Pessimism Removal (CPR):    -0.000ns

    Location             Delay type                Incr(ns)  Path(ns)    Netlist Resource(s)
  -------------------------------------------------------------------    -------------------
    M15                                               0.000     0.000 r  load (IN)
                         net (fo=0)                   0.000     0.000    load
    M15                  IBUF (Prop_ibuf_I_O)         0.239     0.239 r  load_IBUF_inst/O
                         net (fo=4, routed)           0.883     1.122    load_IBUF
    SLICE_X113Y52        LUT3 (Prop_lut3_I1_O)        0.045     1.167 r  count[0]_i_1/O
                         net (fo=1, routed)           0.000     1.167    next_count[0]
    SLICE_X113Y52        FDRE                                         r  count_reg[0]/D
  -------------------------------------------------------------------    -------------------

                         (clock clk rise edge)        0.000     0.000 r  
    T18                                               0.000     0.000 r  clk (IN)
                         net (fo=0)                   0.000     0.000    clk
    T18                  IBUF (Prop_ibuf_I_O)         0.425     0.425 r  clk_IBUF_inst/O
                         net (fo=1, routed)           1.272     1.697    clk_IBUF
    BUFGCTRL_X0Y0        BUFG (Prop_bufg_I_O)         0.029     1.726 r  clk_IBUF_BUFG_inst/O
                         net (fo=4, routed)           0.911     2.637    clk_IBUF_BUFG
    SLICE_X113Y52        FDRE                                         r  count_reg[0]/C

Slack:                    inf
  Source:                 load
                            (input port)
  Destination:            count_reg[2]/D
                            (rising edge-triggered cell FDRE clocked by clk  {rise@0.000ns fall@5.000ns period=10.000ns})
  Path Group:             (none)
  Path Type:              Hold (Min at Fast Process Corner)
  Data Path Delay:        1.168ns  (logic 0.284ns (24.298%)  route 0.884ns (75.702%))
  Logic Levels:           2  (IBUF=1 LUT6=1)
  Clock Path Skew:        2.637ns (DCD - SCD - CPR)
    Destination Clock Delay (DCD):    2.637ns
    Source Clock Delay      (SCD):    0.000ns
    Clock Pessimism Removal (CPR):    -0.000ns

    Location             Delay type                Incr(ns)  Path(ns)    Netlist Resource(s)
  -------------------------------------------------------------------    -------------------
    M15                                               0.000     0.000 r  load (IN)
                         net (fo=0)                   0.000     0.000    load
    M15                  IBUF (Prop_ibuf_I_O)         0.239     0.239 r  load_IBUF_inst/O
                         net (fo=4, routed)           0.884     1.123    load_IBUF
    SLICE_X113Y52        LUT6 (Prop_lut6_I1_O)        0.045     1.168 r  count[2]_i_1/O
                         net (fo=1, routed)           0.000     1.168    next_count[2]
    SLICE_X113Y52        FDRE                                         r  count_reg[2]/D
  -------------------------------------------------------------------    -------------------

                         (clock clk rise edge)        0.000     0.000 r  
    T18                                               0.000     0.000 r  clk (IN)
                         net (fo=0)                   0.000     0.000    clk
    T18                  IBUF (Prop_ibuf_I_O)         0.425     0.425 r  clk_IBUF_inst/O
                         net (fo=1, routed)           1.272     1.697    clk_IBUF
    BUFGCTRL_X0Y0        BUFG (Prop_bufg_I_O)         0.029     1.726 r  clk_IBUF_BUFG_inst/O
                         net (fo=4, routed)           0.911     2.637    clk_IBUF_BUFG
    SLICE_X113Y52        FDRE                                         r  count_reg[2]/C

Slack:                    inf
  Source:                 load
                            (input port)
  Destination:            count_reg[1]/D
                            (rising edge-triggered cell FDRE clocked by clk  {rise@0.000ns fall@5.000ns period=10.000ns})
  Path Group:             (none)
  Path Type:              Hold (Min at Fast Process Corner)
  Data Path Delay:        1.181ns  (logic 0.288ns (24.371%)  route 0.893ns (75.629%))
  Logic Levels:           2  (IBUF=1 LUT5=1)
  Clock Path Skew:        2.637ns (DCD - SCD - CPR)
    Destination Clock Delay (DCD):    2.637ns
    Source Clock Delay      (SCD):    0.000ns
    Clock Pessimism Removal (CPR):    -0.000ns

    Location             Delay type                Incr(ns)  Path(ns)    Netlist Resource(s)
  -------------------------------------------------------------------    -------------------
    M15                                               0.000     0.000 r  load (IN)
                         net (fo=0)                   0.000     0.000    load
    M15                  IBUF (Prop_ibuf_I_O)         0.239     0.239 r  load_IBUF_inst/O
                         net (fo=4, routed)           0.744     0.983    load_IBUF
    SLICE_X113Y52        LUT5 (Prop_lut5_I1_O)        0.049     1.032 r  count[1]_i_1/O
                         net (fo=1, routed)           0.149     1.181    next_count[1]
    SLICE_X113Y52        FDRE                                         r  count_reg[1]/D
  -------------------------------------------------------------------    -------------------

                         (clock clk rise edge)        0.000     0.000 r  
    T18                                               0.000     0.000 r  clk (IN)
                         net (fo=0)                   0.000     0.000    clk
    T18                  IBUF (Prop_ibuf_I_O)         0.425     0.425 r  clk_IBUF_inst/O
                         net (fo=1, routed)           1.272     1.697    clk_IBUF
    BUFGCTRL_X0Y0        BUFG (Prop_bufg_I_O)         0.029     1.726 r  clk_IBUF_BUFG_inst/O
                         net (fo=4, routed)           0.911     2.637    clk_IBUF_BUFG
    SLICE_X113Y52        FDRE                                         r  count_reg[1]/C

Slack:                    inf
  Source:                 load
                            (input port)
  Destination:            count_reg[3]/D
                            (rising edge-triggered cell FDRE clocked by clk  {rise@0.000ns fall@5.000ns period=10.000ns})
  Path Group:             (none)
  Path Type:              Hold (Min at Fast Process Corner)
  Data Path Delay:        1.225ns  (logic 0.284ns (23.178%)  route 0.941ns (76.822%))
  Logic Levels:           2  (IBUF=1 LUT6=1)
  Clock Path Skew:        2.637ns (DCD - SCD - CPR)
    Destination Clock Delay (DCD):    2.637ns
    Source Clock Delay      (SCD):    0.000ns
    Clock Pessimism Removal (CPR):    -0.000ns

    Location             Delay type                Incr(ns)  Path(ns)    Netlist Resource(s)
  -------------------------------------------------------------------    -------------------
    M15                                               0.000     0.000 r  load (IN)
                         net (fo=0)                   0.000     0.000    load
    M15                  IBUF (Prop_ibuf_I_O)         0.239     0.239 r  load_IBUF_inst/O
                         net (fo=4, routed)           0.941     1.180    load_IBUF
    SLICE_X113Y52        LUT6 (Prop_lut6_I1_O)        0.045     1.225 r  count[3]_i_1/O
                         net (fo=1, routed)           0.000     1.225    next_count[3]
    SLICE_X113Y52        FDRE                                         r  count_reg[3]/D
  -------------------------------------------------------------------    -------------------

                         (clock clk rise edge)        0.000     0.000 r  
    T18                                               0.000     0.000 r  clk (IN)
                         net (fo=0)                   0.000     0.000    clk
    T18                  IBUF (Prop_ibuf_I_O)         0.425     0.425 r  clk_IBUF_inst/O
                         net (fo=1, routed)           1.272     1.697    clk_IBUF
    BUFGCTRL_X0Y0        BUFG (Prop_bufg_I_O)         0.029     1.726 r  clk_IBUF_BUFG_inst/O
                         net (fo=4, routed)           0.911     2.637    clk_IBUF_BUFG
    SLICE_X113Y52        FDRE                                         r  count_reg[3]/C





